date,# of orders,# of new orders,new customers,total revenue,gross profit,COGS,gross_margin,aov,impressions_Facebook,clicks_Facebook,spend_Facebook,attributed revenue_Facebook,ctr_Facebook,cpc_Facebook,cpm_Facebook,roas_Facebook,impressions_Google,clicks_Google,spend_Google,attributed revenue_Google,ctr_Google,cpc_Google,cpm_Google,roas_Google,impressions_TikTok,clicks_TikTok,spend_TikTok,attributed revenue_TikTok,ctr_TikTok,cpc_TikTok,cpm_TikTok,roas_TikTok,cac_Facebook,cac_Google,cac_TikTok,total_spend,total_attributed_revenue,total_roas,total_cac
2025-05-16,2452,987,989,238010.95,124434.71,113576.24,0.5228108622733534,97.06808727569332,1475903,19638,15440.67,40775.59,0.013543184183405346,0.7871427851210899,10.413427157968197,2.6381866518923376,2033462,83448,12669.470000000001,36422.52,0.04272756995957899,0.3429383104820642,6.212749660422739,3.0362543908809783,1432113,22237,11997.119999999999,33083.74,0.015359089638712136,0.5725684532055799,8.697592701724691,2.7559147072809838,15.612406471183013,12.810384226491406,12.13055611729019,40107.259999999995,110281.84999999998,2.749673001845551,40.553346814964605
2025-05-17,2173,772,761,224086.4,126119.02,97967.38,0.5628142537878247,103.12305568338702,1677399,21777,17210.84,42695.57,0.013111372131187437,0.7826482110641809,10.103597596759641,2.5615910518779845,1905351,79998,13250.04,39544.909999999996,0.041039646197536916,0.3143079909404587,7.129563492478603,2.958901554253304,1462304,22458,11222.08,32161.149999999998,0.015034612454390122,0.5349665835731693,7.8699408268207165,2.8282804434873583,22.616084099868594,17.411353482260186,14.746491458607096,41682.96,114401.62999999999,2.7445658849563466,54.77392904073587
2025-05-18,2749,1275,1192,226582.57,128282.08,98300.49,0.5661604067779794,82.423634048745,1687499,23297,17492.64,46380.880000000005,0.013582291762952,0.7827530949866448,10.476310133262313,2.6329396585126674,1880528,76834,12191.8,40701.78,0.03984437980668191,0.24404554572917872,6.493696795188692,3.25754917034372,1689160,25233,13274.73,36594.92,0.014923408960897767,0.5241723951820906,7.698978585695841,2.7600738431083367,14.67503355704698,10.228020134228187,11.136518456375839,42959.17,123677.58,2.8789564602854294,36.03957214765101
2025-05-19,2060,1012,960,203540.86,100212.05,103328.81,0.4923436503117851,98.8062427184466,1600554,21285,16296.34,42482.04,0.01380548304539544,0.7413475443542943,10.036852417755043,2.688359641979988,1679868,70965,12085.4,37043.71,0.04088788432193758,0.4123223220550525,7.4556945971903374,3.0743332905865417,1487766,23141,11556.3,31943.61,0.015306039284960863,0.5082977700394116,7.614493531167705,2.7019189128621486,16.975354166666666,12.588958333333332,12.0378125,39938.03999999999,111469.36,2.7910573478317917,41.602124999999994
2025-05-20,1791,910,908,188081.24,115962.11,72119.13,0.6165533043061605,105.01465103294248,1642554,21760,14728.15,39414.45,0.01322210054358738,0.6682446769555668,8.59664288264474,2.654161138441847,1846924,68390,8239.23,23916.8,0.04014279335236821,0.17862830558022158,4.960473114567572,2.9127526276996463,1321766,18956,10250.380000000001,28846.97,0.014570308660097111,0.5312574373908886,7.7047933212186,2.8661170695667386,16.220429515418502,9.074041850220263,11.288964757709252,33217.759999999995,92178.22,2.7749679689419158,36.583436123348015
2025-05-21,2874,934,872,251286.55,123962.87,127323.68,0.49331279370105563,87.43442936673625,1734795,23840,18150.58,46508.97,0.013854674113032475,0.7809363549444296,10.684823864524255,2.57474919065061,1907229,75837,13044.49,38782.11,0.03975417801741627,0.34668729627976713,6.976436823418453,3.06830498806195,1545500,22756,11606.07,32778.01,0.014880770359707923,0.5314108066027186,7.926969548129084,2.8428392184356897,20.81488532110092,14.95927752293578,13.309713302752293,42801.14,118069.09,2.7585501227303757,49.08387614678899
2025-05-22,1704,848,842,186182.97,99768.23,86414.74,0.5358612014836802,109.26230633802817,1858669,25347,15581.33,40043.08,0.013338287065449261,0.6352914821794071,8.238792545404834,2.5067384314656156,1807037,74245,9501.57,29695.73,0.04082876619993125,0.3168213148778602,5.546306869145235,3.195004277116875,1394802,20474,10031.68,28759.68,0.014502368240265805,0.49944501911818495,7.287285515294457,2.8395483980133593,18.505142517814726,11.284524940617576,11.914109263657958,35114.58,98498.48999999999,2.805059607718503,41.70377672209026
2025-05-23,2745,1268,1177,243080.55,130791.92,112288.63,0.5380599969845387,88.5539344262295,1662268,22306,17741.35,44653.05,0.013667745277300063,0.7794002191616956,10.618879272078496,2.5987362995016774,1878314,77937,11281.710000000001,35812.92,0.040194406413324356,0.21105707369728796,5.807864436876789,3.073269643223947,1235730,17952,9246.03,26594.03,0.014621978390588921,0.5075156449396896,7.335706745124099,2.848924772190146,15.073364485981307,9.585140186915888,7.855590484282073,38269.09,107060.0,2.7975580292084294,32.51409515717927
2025-05-24,3096,1097,1060,282268.06,174043.94,108224.12,0.6165909809278457,91.17185400516796,1814306,23800,20450.54,51635.81,0.013265231138757199,0.8825524939469602,11.41568043360812,2.535672506344067,2338448,87491,16672.559999999998,48831.380000000005,0.04086051842982673,0.33709137827865215,6.991288083472016,3.068146202529175,1312123,19457,9958.19,26860.3,0.01516924497034226,0.5194295637227121,7.941053088743379,2.708271637434382,19.292962264150944,15.728830188679243,9.394518867924528,47081.29,127327.49,2.7044180395227064,44.416311320754716
2025-05-25,2254,1023,1041,227809.53,114404.11,113405.42,0.502191940784918,101.06900177462289,1895796,27089,17109.46,45619.490000000005,0.014216732749505284,0.6506801181210993,9.019344005254856,2.6597098453898718,1618717,65437,9933.56,28777.52,0.04040592484163853,0.32851218753844913,6.036592369740948,2.9077421772762886,1228294,18770,11440.78,31566.91,0.015503031951336056,0.6159430149424349,9.457806285945576,2.8209984737890474,16.435600384245916,9.54232468780019,10.99018251681076,38483.799999999996,105963.92000000001,2.753468212598549,36.96810758885687
2025-05-26,3820,1330,1271,270095.08,159451.57,110643.51,0.5903534784861686,70.70551832460734,1644416,22111,17864.7,44773.07,0.013383615340292764,0.7900039647384709,10.471996009813243,2.486678638364781,2044846,85942,15042.199999999999,45460.51,0.040700117862616694,0.27130483472765926,7.136245070516429,2.9091395273196383,1272066,19509,8944.52,25378.670000000002,0.015433814317398365,0.4648239555055551,7.016839778563529,2.8412060227985885,14.05562549173879,11.834933123524783,7.0373878835562556,41851.42,115612.25,2.762445097442333,32.92794649881983
2025-05-27,2138,1122,1142,208047.23,113217.2,94830.03,0.544189893804402,97.30927502338635,1473003,19623,15354.36,40557.05,0.013369869394095102,0.7619280954041417,10.16504443644317,2.6224910658668543,2059053,82161,12996.69,38303.0,0.04054659616559712,0.36223629918043426,6.47930370547401,3.0359217760587733,1293611,19181,9171.33,25628.67,0.014881208250784742,0.4682232765618622,6.853747037322094,2.822677429432864,13.445148861646235,11.380639229422068,8.030936952714535,37522.380000000005,104488.72,2.784703955346116,32.85672504378284
2025-05-28,2895,1326,1271,285303.34,142558.79,142744.55,0.49967445176071196,98.55037651122626,2195486,28650,22933.64,60103.03,0.012930667742279633,0.8003685606480169,10.223522704814798,2.6044722875893913,1933361,79491,11975.720000000001,35330.2,0.040753460650341064,0.2814150881865038,6.182042772277321,2.9702586994528026,1380454,20748,11276.07,30980.0,0.015245618639178468,0.5490286358518975,8.262459443777882,2.7941303706117315,18.04377655389457,9.422281667977972,8.871809598741148,46185.43,126413.23,2.7370802870082622,36.33786782061369
2025-05-29,3396,1580,1463,280842.28,166797.62,114044.66,0.5939191919393333,82.69796230859836,1889969,26086,17945.64,51222.71,0.013610521953834989,0.7041279252678808,9.393135246903089,2.8043429475248605,2245351,91001,14678.01,45382.84,0.040985285185061934,0.24178660738386867,6.846138103193461,3.080178563495717,1398315,20832,11936.75,33013.47,0.014938103894773815,0.5787929497621385,8.624707176470455,2.7655660335510373,12.26632946001367,10.032816131237183,8.159090909090908,44560.4,129619.01999999999,2.908838789597939,30.458236500341766
2025-05-30,3695,1364,1272,262078.97,152352.5,109726.47,0.5813228737887668,70.92800270635995,1881567,25882,21853.42,56279.19,0.013720695193117485,0.8573732829707866,11.632121647901837,2.5507271385699415,2119787,82834,13900.16,42726.52,0.03996275223083646,0.2402506738542279,6.4926621005009935,3.047232681892006,1294821,20018,11223.81,30421.31,0.015528658387241646,0.5767769963858828,8.880714712271873,2.764849614652282,17.180361635220123,10.927798742138364,8.82375,46977.39,129427.01999999999,2.755091757971228,36.93191037735849
2025-05-31,2839,1143,1124,311053.4,191986.06,119067.34,0.6172125429267129,109.56442409299049,1970971,26014,19538.88,48808.11,0.01344067229045531,0.7716239349809425,10.372093689943025,2.5079792110043524,2181961,96753,14261.39,45057.53,0.042313629739601344,0.40745231062245,6.744255534825788,3.115431177873843,1367170,21085,10986.25,31537.89,0.015397949862757632,0.5427927162695952,8.174852831112963,2.8319223485095266,17.38334519572954,12.688069395017793,9.774243772241993,44786.520000000004,125403.53,2.800028446059216,39.845658362989326
2025-06-01,2571,1279,1226,255879.74,135261.16,120618.58,0.5286122301046577,99.52537534033449,1550987,21220,14544.8,37540.74,0.013426590429264678,0.71196420002321,9.360413929497593,2.545573640798516,2656182,115515,19515.7,62804.29,0.04114069368318436,0.21446601541374627,6.518622154309344,3.071052561880255,1529877,24316,11330.96,33275.68,0.015787932427333954,0.4996801783269432,7.743673267142422,2.9496978842714143,11.863621533442087,15.918189233278957,9.242218597063621,45391.46,133620.71,2.9437411795082156,37.02402936378466
2025-06-02,3118,1242,1205,307232.77,148210.99,159021.78,0.48240618993865786,98.53520525978192,1875244,25943,19793.6,51274.130000000005,0.013867186041068425,0.7715534352223778,10.541059873414175,2.602216658176393,2431267,103246,14527.65,44815.15,0.04074471914301254,0.2702858411993905,6.010525285527504,3.0158462554700636,1599696,23795,11786.550000000001,33248.4,0.01497735832560049,0.48515671280217687,7.165024327528215,2.87246650788882,16.42622406639004,12.056141078838174,9.78136929460581,46107.8,129337.68,2.8051149697014384,38.263734439834025
2025-06-03,3281,1413,1428,347768.64,210208.71,137559.93,0.604449872190891,105.99470893020421,1763014,24590,18187.96,49315.66,0.013694894267722166,0.7647442087226507,10.307244657130447,2.6339829252253537,2230394,95081,16903.6,51394.229999999996,0.042064937938653554,0.4190125264050053,7.222835886147587,2.9881304274501117,1899100,28321,16141.08,43975.7,0.015129224318809873,0.5602004243625031,8.495259856710543,2.745009549378032,12.736666666666666,11.837254901960783,11.30327731092437,51232.64,144685.59,2.82409007226643,35.87719887955182
2025-06-04,3178,1486,1395,326038.67,187910.1,138128.57,0.5763429841006283,102.59240717432347,2077409,27733,20694.75,53614.32,0.01328617707162785,0.8053094319072306,10.49303474788831,2.6068925088925927,2306978,99256,12344.24,40566.11,0.04184230407936312,0.20501214552143696,5.312633253988663,3.1933132454692887,1679443,26453,13785.98,39014.29,0.015486592446985368,0.5261652374603173,7.9714868636364375,2.866456342327909,14.834946236559139,8.848917562724013,9.8824229390681,46824.97,133194.72,2.8445233387229076,33.56628673835125
2025-06-05,3256,1347,1363,264534.4,140613.06,123921.34,0.5315492427449888,81.24520884520885,1828871,25849,19877.809999999998,51215.65,0.013961492525092609,0.7993989864435591,10.794373385170847,2.6099533095993963,2060287,86394,13247.17,40585.67,0.0398286328849453,0.2942583871331799,6.421323275197421,2.916734442021228,1632773,24671,14258.560000000001,41430.11,0.014739006765765917,0.5694953920355716,8.340060012699462,2.795859658708231,14.583866471019807,9.719126925898752,10.461159207630228,47383.53999999999,133231.43,2.8117660689766955,34.764152604548784
2025-06-06,2941,1080,1016,294622.51,150806.04,143816.47,0.5118619076322444,100.1776640598436,2106135,27672,23023.78,59690.92,0.013141412944166713,0.8478717172633882,10.778623387564721,2.611513942630773,2389551,94437,16026.64,46411.020000000004,0.039716902859075004,0.3501405142520391,6.50324339045105,2.8820625380663287,1463636,22109,12749.84,36654.36,0.015380634203663993,0.5896191547415828,9.063365886633191,2.892261541608054,22.661200787401572,15.774251968503936,12.549055118110237,51800.259999999995,142756.3,2.7558992947139647,50.98450787401574
2025-06-07,3588,1642,1592,312361.94,183159.55,129202.39,0.5863696134042451,87.05739687848383,2137730,29275,19443.52,51955.67,0.013270979722312188,0.6786781518437556,8.902467254172683,2.6070382921490696,2475095,93205,15202.73,44811.58,0.040987599340253894,0.2921671707832346,6.048325301355294,3.117005024776039,1242993,18515,10125.51,29485.61,0.014738195806591886,0.5875386496812022,8.51340675187212,2.9147924584794245,12.213266331658291,9.54945351758794,6.360244974874372,44771.76,126252.86,2.8199217542486603,28.122964824120604
2025-06-08,2351,1166,1108,238539.55,123202.23,115337.32,0.5164855471555975,101.46301573798384,2159143,29714,19597.98,51055.9,0.013884272503469736,0.6912523883556438,9.50969372933197,2.637565311538287,2681840,112855,15928.72,48310.4,0.04040232131658218,0.3014660872650181,5.895422786590117,3.012256888739875,1642063,24882,10991.53,31779.57,0.014950862283213445,0.46042603494323764,6.85340739675731,2.837750986160784,17.687707581227436,14.37610108303249,9.92015342960289,46518.229999999996,131145.87,2.819236028541929,41.983962093862814
2025-06-09,4688,1446,1416,332386.4,164252.25,168134.15,0.4941605613226052,70.90153583617747,2021627,27315,19312.14,51243.22,0.013604478803985867,0.717168832423231,9.618951903755356,2.6178701827553725,2390761,101934,17829.22,55818.86,0.041060967900506826,0.44585271010366256,7.948040246389349,3.125419211130692,1762025,26910,15541.65,46273.61,0.015302444860102649,0.6007219772827593,9.109643051342474,2.9434371317045747,13.638516949152542,12.591257062146893,10.975741525423729,52683.01,153335.69,2.910533965314434,37.20551553672316
2025-06-10,2844,1560,1491,279947.9,138358.0,141589.9,0.4942276759354151,98.43456399437413,1978585,27447,19202.17,53349.479999999996,0.013692440537616054,0.6862923651007895,9.394207315204357,2.6662156349731654,1616004,69277,10381.06,31959.3,0.04201249523830951,0.2987399291198315,6.647861011657907,3.0527424393733065,1459745,21530,11286.08,30626.829999999998,0.015132318127717852,0.5253741240836911,7.967786385927177,2.7228685493577407,12.878718980549966,6.9624815560026825,7.5694701542588865,40869.31,115935.61,2.8367400868769255,27.410670690811536
2025-06-11,2503,1115,1066,266579.13,134311.89,132267.24,0.5038349776293441,106.50384738314024,1610079,22446,17013.56,44244.76,0.014088052843598403,0.7478313989888357,10.558328032013492,2.6165968348154465,3103060,130189,19819.89,59644.11,0.03962953671977018,0.3789109944744048,6.451873473331403,2.9862332728496015,1887816,27356,14669.86,41314.37,0.01459261214969185,0.5349689871117584,7.774458199262909,2.8321243709984456,15.96018761726079,18.59276735459662,13.761594746716698,51503.31,145203.24,2.8192991867901305,48.314549718574106
2025-06-12,3226,1409,1434,245632.45,122339.86,123292.59,0.4980606593306381,76.14149101053937,1843773,24458,17842.25,48411.04,0.013241026818590861,0.7624100701978695,10.068948796683676,2.6813810476119917,2168606,90047,14601.02,46848.91,0.04223019900606983,0.22550774276520671,6.57032089247514,3.1845231078228844,1441919,22237,12366.92,32735.22,0.015402246141541575,0.5728026832376454,8.669591173130291,2.7100619273920783,12.442294281729428,10.182022315202232,8.624072524407252,44810.19,127995.17000000001,2.856385344494188,31.248389121338914
2025-06-13,3794,1442,1439,280759.18,173768.89,106990.29,0.6189250517115772,74.00083816552451,2003913,27855,20376.36,50670.45,0.013609728715555386,0.7712045861263616,10.321475658560114,2.453287413030278,2226653,96057,16996.62,52094.96,0.0422254052299854,0.38058068169334325,7.748935233267007,3.0549815961196467,1727674,26089,13108.62,37794.01,0.015509536013800066,0.5091829507217909,7.862296568558671,2.85961179930708,14.16008339124392,11.811410701876301,9.109534398888117,50481.6,140559.42,2.7843693543786254,35.081028492008336
2025-06-14,2849,1407,1366,254952.68,125791.92,129160.76,0.4933932053587356,89.48848016848017,1805376,24181,18749.71,48464.21,0.013596844940181863,0.7651944492655424,10.191320342363687,2.561642656117928,2354833,93831,16740.989999999998,51203.4,0.04079908806616897,0.3896833852000533,7.041002440760292,3.1577935912770667,1498004,22754,10599.26,30058.26,0.01533473209783098,0.47628255627196403,7.380983039629987,2.8037714357357664,13.72599560761347,12.255483162518301,7.759341142020498,46089.96,129725.87,2.8146231847456584,33.74081991215227
2025-06-15,3837,1909,1940,273449.33,154000.52,119448.81,0.5631775364013508,71.26643992702633,1884583,24918,18580.24,47109.35,0.013395519586166143,0.7631331449661979,10.184988994587245,2.544807065774372,1980315,82514,14625.23,45414.54,0.0421022208116689,0.3441929010066672,7.039907059865136,3.1041808863239266,1439541,22060,11391.62,30806.76,0.015204784331953183,0.5058425893011478,7.757444257517508,2.708247512158665,9.577443298969072,7.5387783505154635,5.871969072164949,44597.090000000004,123330.65,2.765441646528955,22.988190721649488
2025-06-16,3112,1406,1413,246546.12,146123.4,100422.72,0.5926818073632633,79.22433161953727,1984820,26938,19931.45,45801.29,0.013329677017219117,0.773594070945526,10.195943923364363,2.277004218696729,1759692,76935,11378.17,37287.62,0.04133770655057608,0.25831346003976874,6.444312247784522,3.158280395809204,1391870,21489,10596.72,30439.29,0.015520931959424406,0.5363250348798765,8.188772694092725,2.936606132334689,14.105767869780609,8.052491153573957,7.4994479830148615,41906.340000000004,113528.20000000001,2.7090936598137656,29.657707006369428
2025-06-17,2754,828,796,268478.64,155613.89,112864.75,0.579613670569845,97.48679738562092,1977295,26602,19362.98,51031.44,0.013442261896053326,0.7168576577879116,9.625066339916708,2.5748601421141304,1872428,79101,12998.95,41143.45,0.04134696408305854,0.2938182637499699,7.175441792157746,3.0729884355375927,1265864,19447,10033.23,28175.25,0.015362342194905001,0.4843086718316744,7.537222423416419,2.708241167328914,24.325351758793968,16.3303391959799,12.604560301507536,42395.16,120350.14,2.8387707464720027,53.260251256281414
2025-06-18,2350,948,933,205892.84,111708.52,94184.32,0.5425566037167684,87.6139744680851,1576599,21583,14182.36,37535.36,0.013809490071400607,0.6826972119729336,9.204762260775974,2.6508734407783274,2016607,86785,14826.369999999999,44296.86,0.04166773152364907,0.2775717194671198,7.377288300976415,2.8955225415589556,1436919,21022,10642.17,29126.26,0.014686508648818292,0.5017821029505003,7.1779587625836765,2.8030111028735876,15.200814576634514,15.891071811361199,11.406398713826366,39650.9,110958.48,2.798384904251858,42.498285101822084
2025-06-19,3329,1745,1642,252292.39,135610.52,116681.87,0.5375133193672627,75.78623911084411,1360823,18235,13354.41,34858.14,0.013393823774825403,0.740902366197172,9.79137177489358,2.583539879183518,2246642,96462,14585.59,44013.2,0.041155553301508566,0.3075403262296534,6.617314964817308,2.9385524911202894,1210604,17705,10278.23,28628.43,0.01460407970971403,0.5760089913690842,8.345380017011356,2.774195155161956,8.133014616321558,8.882819732034104,6.2595797807551765,38218.229999999996,107499.76999999999,2.8127877716995267,23.27541412911084
2025-06-20,2352,1050,1029,238838.78,140053.87,98784.91,0.5863950150808842,101.54710034013605,1708920,24007,16498.93,43998.05,0.013817982414097674,0.7251459810101825,9.85833636032155,2.5424557523818163,1767795,74684,11194.77,31827.28,0.04083936615247238,0.21727137733867147,6.31200818340829,2.76528757835323,1185619,17412,10418.17,28465.49,0.014762901797499487,0.5810737583883177,8.428375756348334,2.808709184024687,16.033945578231293,10.87927113702624,10.124557823129251,38111.87,104290.82,2.7364393297941034,37.037774538386785
2025-06-21,2642,1314,1325,193739.26,101995.71,91743.55,0.5264586537596975,73.33052990158971,1561667,21346,17520.079999999998,44413.67,0.013504272352723523,0.8354948571754666,11.148346815918822,2.523367057430362,1610433,69854,10944.34,30536.44,0.04195893566360157,0.3688277902166082,6.696395306619509,2.837330215749969,1256031,19137,9945.17,27351.86,0.015246887788890709,0.5210852593186296,7.754365405744006,2.8214393392213877,13.222701886792452,8.259879245283019,7.505788679245283,38409.59,102301.97,2.663448633531366,28.98836981132075
2025-06-22,2629,1324,1237,204623.63,110598.24,94025.39,0.5404959339251288,77.83325599087105,1694355,23666,16651.55,41656.33,0.013982586552562704,0.7142896645088437,9.782760697711344,2.5398215236937647,2142436,92815,13598.78,39570.68,0.04246962925635831,0.2846499606112245,6.156958826204792,2.840992838197339,1312919,20016,9335.960000000001,27163.47,0.01519866287202656,0.5140268852491877,7.79870555060325,2.86865554690897,13.461236863379142,10.993354890864996,7.5472594987873896,39586.29,108390.48000000001,2.7380812902648874,32.00185125303153
2025-06-23,2678,1088,1013,224725.49,124066.35,100659.14,0.5520795616020239,83.91541822255414,1736733,23673,14888.76,37603.33,0.013677787679465214,0.6417567902305772,8.612895354590647,2.5682518612216017,1582123,63727,11066.67,32916.090000000004,0.04094122838025023,0.32062185711815283,6.765874368354318,3.0633987077804385,1629899,24932,15179.230000000001,41478.12,0.015398793604224035,0.5952973518341113,8.987404523207811,2.8303105039813596,14.697690029615005,10.924649555774925,14.984432379072064,41134.66,111997.54000000001,2.722704891689879,40.606771964462
2025-06-24,2789,1036,1008,223036.6,118532.52,104504.08,0.531448739803243,79.97009680889208,1653992,22541,15737.04,39331.44,0.013645853739675664,0.7231635572692955,9.789466925564964,2.4497977680298204,1605565,68460,9858.34,29965.54,0.04105432325708125,0.34920714721380813,6.075803886402168,3.0290318424573868,1505915,23051,11992.62,34571.43,0.01502735657540354,0.589219490583593,8.634293493898703,2.82935984467933,15.612142857142858,9.780099206349206,11.897440476190477,37588.0,103868.41,2.7633396296690433,37.28968253968254
2025-06-25,2076,1068,1022,226634.34,120591.38,106042.96,0.532096680494227,109.16875722543352,1658971,23097,15734.609999999999,42196.87,0.013767995546868103,0.6941354347742199,9.48181474682512,2.598397902086165,2063561,88788,14450.46,47036.8,0.04146428909218986,0.27092377776977894,6.746712532841275,3.145295975913394,1080890,16050,8081.62,22469.68,0.01475019882193932,0.5045513101442858,7.342320442096224,2.8349410071612993,15.395900195694715,14.139393346379647,7.907651663405088,38266.69,111703.35,2.9190753106683647,37.442945205479454
2025-06-26,3659,1354,1292,258581.26,130668.26,127913.0,0.5053276482603573,70.66992620934681,1461734,19538,13797.25,36198.229999999996,0.013118049632743555,0.7228145468534087,9.352036359758149,2.582923233302788,2079988,85728,15417.36,46005.64,0.04077786472271776,0.36753046248472887,7.7014335410208385,3.0656622057989127,1276814,18938,9802.369999999999,27582.26,0.014975998081286126,0.5414212450437729,7.9911880613953326,2.822194749178066,10.678986068111454,11.932941176470589,7.586973684210525,39016.979999999996,109786.12999999999,2.8138038874356757,30.19890092879257
2025-06-27,2453,751,711,184223.58,108267.23,75956.35,0.5876947456997633,75.10133713819812,1445469,19381,14267.710000000001,36102.32,0.013209307479771535,0.774861131322514,10.112385532573011,2.5090935288151925,1658618,66652,10039.64,28063.48,0.0404837304947147,0.34796731673520637,6.077242515779202,2.9248201322795837,1264359,19205,11945.550000000001,32975.26,0.015230918077546039,0.6144668659998753,9.29927712841042,2.7712342454007812,20.067102672292545,14.120450070323487,16.801054852320675,36252.9,97141.06,2.6795390161890493,50.98860759493671
2025-06-28,3930,1849,1846,307475.24,149606.21,157869.03,0.4865634384088943,78.23797455470738,1785053,23356,17947.2,45216.45,0.01332068583914198,0.7998407049079841,10.367361205909088,2.562408626335291,2088261,86547,14417.68,49269.83,0.040389547404290405,0.2269773911215859,6.565105878185965,3.2366665188616017,1809910,27333,12694.98,38506.369999999995,0.015257037984771706,0.4672355186131494,7.045756304711499,3.0288044817510995,9.722210184182016,7.8102275189599135,6.877020585048754,45059.86,132992.65,2.951466116406043,24.409458288190685
2025-06-29,2434,939,935,262293.26,154577.22,107716.04,0.5893297448817404,107.7622267871816,2089409,28595,19311.25,52999.55,0.013262078372184728,0.6632695952530963,8.826671377498062,2.631627539610802,1892155,80572,13332.76,41043.03,0.040896780285831505,0.35337628891448136,7.131789509379095,3.0777139036970294,1367842,20542,9595.75,26933.43,0.015153773904617793,0.45575051736952543,6.910383275810108,2.8846731311537734,20.65374331550802,14.259636363636364,10.262834224598931,42239.76,120976.01000000001,2.8640316611647414,45.17621390374332
2025-06-30,3922,1709,1645,294637.56,153617.64,141019.92,0.5213783334344746,75.1243141254462,1882478,25296,21399.47,55432.32,0.013231779981633846,0.8916428358375896,11.51825664530009,2.600342751150624,1753437,71689,11968.99,37155.42,0.04189339825623627,0.3219945191250032,6.712361744881787,3.118063352484871,1598160,24422,13590.65,41092.24,0.015255542148916394,0.5784340287440297,8.67325863959503,3.042951592678615,13.008796352583587,7.275981762917933,8.261793313069909,46959.11,133679.97999999998,2.846731550065578,28.54657142857143
2025-07-01,2691,1280,1253,260678.58,151234.85,109443.73,0.5801583313826553,96.87052396878484,1741212,24606,18374.68,49475.450000000004,0.013985922964111847,0.7862356217006802,10.877142721314076,2.6709102828905413,1957760,82638,11998.06,37314.96,0.041429257286244484,0.20524241857177214,5.433080130344804,2.982339709968669,1438124,21571,11725.470000000001,33575.58,0.015006100906011283,0.5438947380035783,7.984546615538136,2.9214484440219524,14.664549082202713,9.575466879489225,9.357916999201917,42098.21,120365.99,2.8591712094172177,33.59793296089386
2025-07-02,2185,1010,936,221373.06,110298.83,111074.23,0.49824865771833304,101.31490160183067,2129652,28422,19072.62,49851.64,0.013256855083254315,0.6732229183572971,8.757062384601243,2.5674330123575344,2079780,88112,12122.24,39133.58,0.04148966648962739,0.2419324192540561,6.258387454567609,3.0936593416890625,1588600,23083,10500.02,28829.26,0.014625291377521197,0.45437916506906817,6.524931222711548,2.774058758405304,20.376730769230768,12.95111111111111,11.217970085470085,41694.880000000005,117814.48,2.8256342265525163,44.54581196581197
2025-07-03,2425,1294,1301,245773.9,143543.71,102230.19,0.5840478179334746,101.3500618556701,1850411,24597,17783.62,42724.24,0.013231407489237988,0.7792101900567141,9.921440587811873,2.447712775023599,1871950,81819,12713.03,39845.99,0.04110283939443968,0.3738601020023312,6.902482811622273,3.0842518337097475,1732403,25618,14076.66,39714.45,0.01505461246116713,0.5651006418398239,8.467854997370804,2.85691541245731,13.669192928516525,9.77173712528824,10.819877017678708,44573.31,122284.68,2.7434507331853974,34.26080707148347
2025-07-04,2863,1528,1508,309074.55,157364.9,151709.65,0.5091486827368996,107.95478519035976,1904949,26231,19510.89,49233.020000000004,0.013562849476822268,0.8038823311401941,10.622302456330871,2.498883108078335,2074134,79649,17488.64,53698.79,0.03989360732361903,0.3425335872260752,7.964620383617626,3.088581931636266,1364363,20440,9890.59,26587.54,0.015068951282834414,0.5124253732454415,7.5310529384695855,2.7576455283797383,12.938255968169761,11.597241379310345,6.558746684350132,46890.119999999995,129519.35,2.762188495145673,31.094244031830236
2025-07-05,2401,1308,1281,255166.55,156650.22,98516.33,0.6139136183798386,106.27511453561016,1921192,26068,20427.93,53960.49,0.013699258033609094,0.7861109650706859,10.527933789312844,2.6470599662662537,2359451,97430,14788.59,42883.36,0.04192411291291085,0.27119132098593735,6.1387197241148925,2.9725797130819833,1562762,23686,11148.25,32691.0,0.015010363012559268,0.48768994020810624,7.233557751424149,2.9412222392586473,15.946861826697893,11.544566744730679,8.702771272443403,46364.770000000004,129534.85,2.793820609915675,36.19419984387198
2025-07-06,2325,1037,992,250387.78,131988.5,118399.28,0.5271363482674754,107.6936688172043,2368672,30615,23686.45,61835.55,0.013060560712241442,0.7770214714280586,9.991232542260091,2.6076738586152755,1810593,74081,11757.08,35238.229999999996,0.04069982297321553,0.24627125277922923,6.327583616648917,3.0024584633458637,1743805,25383,13325.52,36171.13,0.014599663757686005,0.5273823808183836,7.581715223337026,2.7417638542503733,23.877469758064517,11.851895161290322,13.432983870967742,48769.05,133244.91,2.73216127851578,49.16234879032258
2025-07-07,3157,1067,1055,281358.54,144783.74,136574.8,0.5145880412942149,89.12212226797593,2211358,29149,20295.329999999998,52892.97,0.013519353190974826,0.7006348169709244,9.246160323118856,2.6841995854579284,3227721,130245,19340.93,58713.69,0.041254137113848025,0.20850958064499533,6.200147048319317,2.9711914289424226,1405878,20475,13018.58,37073.29,0.014813986024793602,0.6261649405009596,9.20197422368504,2.9036561533843788,19.23727962085308,18.33263507109005,12.33988625592417,52654.84,148679.95,2.8236711003205026,49.909800947867296
2025-07-08,4059,1859,1828,309158.9,162124.63,147034.27,0.5244055079766424,76.16627248090663,1823033,23795,17916.45,47185.84,0.013173877382407533,0.7355641317118764,9.582655538934928,2.621581274528477,2244837,86921,14617.710000000001,43017.63,0.040432299165707654,0.2417331044420385,5.80816563817408,2.9235632702353938,1682569,25345,15477.46,44921.51,0.014915861417334192,0.635661913609191,9.131911711662767,2.918514672280962,9.801121444201314,7.996559080962801,8.466881838074398,48011.62,135124.98,2.81442242523789,26.264562363238515
2025-07-09,3405,1603,1558,309767.38,166259.78,143507.6,0.5367246221987608,90.97426725403818,2300391,31138,23495.88,61887.28,0.013657579769406078,0.7584368759843689,10.239249391277848,2.575130130185186,2715398,114691,19028.53,57852.39,0.04149918650373684,0.2607152977290407,7.0010102340247995,2.9794879992918437,1563164,23457,12996.57,37352.54,0.015272250322960007,0.550122255489611,8.439939137838781,2.9335875637276416,15.080795892169448,12.213433889602053,8.341829268292683,55520.98,157092.21,2.8294206982657726,35.63605905006418
2025-07-10,3201,1142,1059,308905.09,154759.0,154146.09,0.5009920684699627,96.50268353639488,2333249,31123,22159.26,60253.23,0.013030955898293173,0.764909625544225,9.71848055952341,2.6809791952871174,1956084,81186,12575.11,40044.33,0.04083937693863781,0.3233325498257761,6.650093085045088,3.174508961895893,1431939,20830,11448.98,32976.84,0.014501185060304844,0.5537910326523432,7.973453490098994,2.8479402929290827,20.92470254957507,11.874513692162418,10.811123701605288,46183.34999999999,133274.4,2.885767273270562,43.610339943342765
2025-07-11,2721,1117,1096,287198.02,172144.23,115053.79,0.5993921197646139,105.5487026828372,1950544,27358,21882.49,56744.92,0.013801786329529076,0.8136070122554553,11.099758916422951,2.5311815686593713,2129435,86964,12820.15,40492.45,0.040548602131171126,0.26390783650859606,5.980966523294915,3.1393830726210226,1388343,20651,11460.52,31256.16,0.015124341567733523,0.5427404579377597,8.102421966087416,2.756534652028477,19.965775547445258,11.69721715328467,10.456678832116788,46163.16,128493.53,2.783464780140701,42.119671532846716
2025-07-12,2422,807,796,244765.7,125622.42,119143.28,0.5132353920504384,101.05933113129646,2009518,26083,19339.989999999998,50197.09,0.012993558371436297,0.7393322393035904,9.561061255761913,2.5798172591267226,1873949,79761,11643.8,33516.03,0.04234289520474081,0.3201108439375506,6.45764415617446,2.8545305529500924,1640271,24925,14384.43,36143.34,0.015379980901634482,0.5954091930106377,9.062456691538728,2.6051336834408994,24.29646984924623,14.62788944723618,18.070891959798995,45368.22,119856.45999999999,2.6418594337622237,56.995251256281406
2025-07-13,2375,963,934,253761.23,131128.09,122633.14,0.5167380769710171,106.84683368421054,2034295,27200,19532.52,50491.08,0.0133363782397796,0.76748281280522,9.997632291015906,2.5901195056342976,1874869,80222,12412.5,38499.84,0.04107082428182821,0.31710955594077805,6.676029434140839,3.012544334257985,1530705,22595,12727.27,35748.99,0.014719867554886409,0.547940697738365,7.98250084594825,2.796181321523472,20.912762312633834,13.289614561027838,13.626627408993576,44672.29,124739.91,2.792333010015829,47.82900428265525
2025-07-14,2387,852,868,258456.91,137153.92,121302.99,0.5306645506208366,108.2768789275241,1545635,20327,17015.66,45570.75,0.013225161139671118,0.8420786175818883,10.97607884530726,2.6284485714117447,2050862,92397,16004.14,48624.380000000005,0.04257074741868101,0.3129443266642265,7.6784827359713805,2.9687872668922366,1671695,26045,13786.76,40391.25,0.015204320627818489,0.5049765030799963,7.743248934077956,2.8105448875592214,19.603294930875578,18.43794930875576,15.88336405529954,46806.560000000005,134586.38,2.8753743065074637,53.924608294930884
2025-07-15,2597,1428,1354,222248.63,110293.62,111955.01,0.4962623166675988,85.57898729303042,1724724,24106,18405.94,47891.92,0.013656502493496203,0.7899606700911448,10.622522190102613,2.5540344465850726,1898287,82350,13287.130000000001,38033.76,0.04199073245161351,0.3452046700048531,6.96579182020268,2.843079052732684,1164489,17217,10333.560000000001,28116.6,0.014998373283237198,0.595613788424078,8.848239805027108,2.7566684059574342,13.593751846381092,9.81324224519941,7.631875923190547,42026.630000000005,114042.28,2.7135718471835593,31.038870014771053
2025-07-16,3996,1865,1772,318631.49,168834.07,149797.42,0.529872518249844,79.73761011011011,1745777,23081,20115.21,53110.75,0.013311032265298419,0.8749324052010625,11.480914772581338,2.6583301932611016,1931654,83173,13415.82,42842.17,0.0416958233093368,0.30408790599024255,6.745604664079318,3.1088574558467315,1485926,22491,12283.32,35847.28,0.014963000620335027,0.534696316275441,7.98432330728441,2.919819024459799,11.351698645598194,7.571004514672686,6.931896162528217,45814.35,131800.2,2.876832258888318,25.854599322799096
2025-07-17,2645,892,871,210274.48,122505.97,87768.51,0.5826002756016803,79.49885822306238,1678803,23191,14131.09,37636.21,0.013613293976386146,0.6437507906737933,8.46960098536769,2.6616339050930926,2187586,91090,11586.85,36572.13,0.04014066742029811,0.21311968206343207,5.11736798647202,3.0624129055581766,1554938,22394,12016.52,35596.16,0.014559937522713512,0.5762619418409389,8.410049063445017,2.9717974477645956,16.22398392652124,13.30292766934558,13.796234213547647,37734.46000000001,109804.5,2.909926364389473,43.32314580941448
2025-07-18,2451,1336,1345,234358.56,122684.32,111674.24,0.5234898183364841,95.61752753977969,1534570,21712,15989.55,43816.67,0.013804466418449467,0.7415739163806433,10.123033013738688,2.6820227110866646,1682464,67484,11306.27,32844.75,0.04112254332995926,0.25469929043366724,6.785798623528976,2.8842426662114664,1436007,21623,11981.77,33760.6,0.014997892971119461,0.571612719601909,8.394337631701394,2.872125364570908,11.88814126394052,8.406148698884758,8.908379182156134,39277.59,110422.01999999999,2.8113237090157517,29.20266914498141
2025-07-19,2282,772,786,208348.08,116790.05,91558.03,0.5605525618474623,91.30064855390007,1808064,24340,14972.630000000001,38593.86,0.01381135989469894,0.6193903771537905,8.57649676881133,2.6020286514094355,1462529,63137,10143.73,31839.61,0.041271289953014205,0.37231188817702715,7.080391630278159,3.105340183553664,1442343,20522,9296.41,25918.33,0.014476620667100457,0.46118905644825164,6.703849551123367,2.8520222579716448,19.049147582697202,12.905508905852416,11.827493638676845,34412.770000000004,96351.8,2.799885042674565,43.782150127226465
2025-07-20,3558,1611,1643,269928.31,160649.81,109278.5,0.5951573215866094,75.86517987633502,1590908,21815,12240.75,32723.329999999998,0.01361412016152672,0.5800230818299305,7.629173560870894,2.674240565395337,1954807,83660,13674.39,44067.72,0.041494519226648804,0.4046175133301567,6.682208109126281,3.1368510110998993,1179992,16920,10689.41,31478.86,0.014478001693009574,0.6374339806955661,9.059572483168518,2.958619487546932,7.4502434570906875,8.32281801582471,6.506031649421789,36604.55,108269.91,2.9578265543491176,22.27909312233719
2025-07-21,2838,1160,1106,267155.65,148102.94,119052.71,0.554369484605697,94.13518322762509,1749181,24563,18395.13,48575.81,0.013778758283344156,0.7634316922776815,10.481765020932468,2.582337235006926,1955419,84433,11727.03,34633.7,0.04110728250557673,0.277634873144006,5.748020201921008,3.0223997473505535,1513163,22708,13100.2,36183.91,0.015219278870705594,0.5812751407887884,8.654968462338758,2.7974906486924915,16.632124773960218,10.603101265822785,11.844665461121158,43222.36,119393.42,2.762306824523233,39.07989150090416
2025-07-22,3003,1322,1276,214550.99,116024.2,98526.79,0.5407768102118755,71.44555111555111,1870222,24855,16798.09,44164.64,0.013441556484812073,0.6671696449117404,8.844372650251263,2.6528672454270685,1628947,67408,12243.45,35870.01,0.041060856690409396,0.3228968417172523,7.448270141800974,2.972748129386693,1100616,16262,8777.25,25759.25,0.014844601926099783,0.547798425040579,8.034400856135758,3.0005634978798,13.164647335423197,9.5951802507837,6.878722570532916,37818.79,105793.9,2.7973898688985024,29.63855015673981
2025-07-23,3858,1748,1741,284255.03,150056.99,134198.04,0.5278956365345583,73.67937532400208,1908589,25923,20631.82,51129.87,0.01376453953025498,0.7807453233151821,10.634488846924956,2.5385684303381995,1864082,76186,14130.61,45597.93,0.039635199789747076,0.3115170394691216,7.680834745724402,3.1486663702368216,1701017,26030,14197.849999999999,39337.83,0.015481412059226655,0.5257986472941135,8.07708445638617,2.7922249432194275,11.850557151062608,8.116375646180357,8.154997128087306,48960.28,136065.63,2.7791023662446377,28.12192992533027
2025-07-24,2103,696,709,214993.51,113319.63,101673.88,0.5270839570924722,102.23181645268664,1508352,20410,14050.72,36426.229999999996,0.013503967463842585,0.6959616712040273,9.342405486039059,2.564407518281114,1744942,75651,10346.03,31629.6,0.041487602404759495,0.3095381145301685,5.987211026582932,3.0315575397432006,1226688,18741,9472.53,25924.73,0.015417714868596402,0.5124042328843467,7.878857505907833,2.7619244480340828,19.817658674188998,14.592425952045135,13.360409026798308,33869.28,93980.55999999998,2.7748024168213785,47.77049365303244
2025-07-25,2797,1123,1076,291251.97,174849.58,116402.39,0.6003378449251348,104.13012870933142,1661436,22804,17687.19,47385.08,0.013758121493612255,0.7830189751924073,10.698177208555352,2.685239319584949,1484740,59116,9043.93,26500.05,0.040663149017682615,0.3559542089815253,6.200760149724902,3.0559173995471047,1597281,24964,14641.779999999999,43744.5,0.015441504357529228,0.5646924891455397,8.77393068803385,2.889808951935258,16.437908921933083,8.405139405204462,13.60760223048327,41372.899999999994,117629.63,2.8431565106627774,38.45065055762081
2025-07-26,2812,946,945,280697.62,148965.29,131732.33,0.5306966621234623,99.82134423897581,1542052,20804,16849.49,43196.41,0.013427176842193005,0.783965373277933,10.354451492161072,2.5657372377596537,2162961,88703,13818.11,43613.04,0.040021861545066664,0.2640914444909675,6.302429236239259,3.0662694248831355,1555648,23187,11800.78,33912.36,0.014886290193890789,0.5193891883907495,7.657935189922914,2.8591643932829576,17.83014814814815,14.622338624338624,12.487597883597884,42468.380000000005,120721.81000000001,2.842628091770866,44.940084656084665
2025-07-27,2377,815,799,224499.08,117565.4,106933.68,0.5236787607325607,94.446394615061,1566093,21829,15119.810000000001,38783.64,0.013764724289503713,0.7262275542300956,9.7756237829916,2.570667005650571,2204166,92606,14803.539999999999,44591.380000000005,0.04224609073347695,0.2482398959403092,6.32550730936175,3.0432343858596647,1566799,22858,14056.78,39454.67,0.01500363233602236,0.6327828267192299,9.318920193394643,2.8676956282535895,18.923416770963705,18.52758448060075,17.5929662077597,43980.13,122829.69,2.792845087088192,55.04396745932415
2025-07-28,2561,1095,1045,204053.06,108272.37,95780.69,0.5306089014298536,79.67710269426006,1516926,21005,14419.25,39901.76,0.013673937063916236,0.7015429798909236,9.522221549331352,2.7713112768401094,1926328,80970,10334.529999999999,33888.26,0.04062000054644494,0.19516361612181576,5.650635575318645,3.1861033119290854,1507242,23090,12876.519999999999,37973.020000000004,0.015138797916980353,0.5555218346206279,8.299170618825713,2.947091105208645,13.798325358851674,9.889502392344497,12.32202870813397,37630.299999999996,111763.04000000001,2.970027876471886,36.00985645933014
2025-07-29,3260,1035,993,254314.45,147428.24,106886.21,0.5797084672145054,78.01056748466257,1657603,22358,17704.5,45813.869999999995,0.013411558515492403,0.8191406066342115,10.733493779899813,2.5692807725277667,2552896,100877,13776.22,41454.03,0.04003578204078411,0.24536924096530005,5.391828918610972,3.0425688430510505,1362162,20428,12767.76,36289.81,0.014936802811311819,0.6139322150954236,9.088953262914893,2.876860377987885,17.82930513595166,13.873333333333333,12.857764350453172,44248.48,123557.70999999999,2.7923605511420955,44.56040281973817
2025-07-30,4266,1440,1451,343570.79,201524.77,142046.02,0.5865596723167299,80.5369878105954,1903918,27813,20031.65,53555.43,0.013829647253613547,0.7914589959509326,10.704373818240446,2.5586103817490047,2787427,103503,16233.23,46623.700000000004,0.039140860072651155,0.32393585265618097,5.8272416003999234,3.048513545116811,1598117,24046,14315.619999999999,40563.28,0.015079895839962502,0.5836461286552643,8.587101085910648,2.766224375691416,13.80541006202619,11.187615437629221,9.8660372157133,50580.5,140742.41,2.782542877195757,34.85906271536871
2025-07-31,3160,1347,1291,238995.46,141694.68,97300.78,0.5928760320384329,75.6314746835443,1642780,22175,16018.810000000001,42095.08,0.013346247857238636,0.7420861531848161,9.823119314430993,2.632481909687846,1957089,83750,12695.06,39192.92,0.040883720086280044,0.3055353631685884,6.354778762969125,2.9947614428814084,1713351,25082,14668.65,41876.0,0.01476893422215055,0.598235279339929,8.818836050071713,2.8535899946673395,12.408063516653758,9.833508907823392,11.362238574748257,43382.520000000004,123164.0,2.839023643624206,33.60381099922541
2025-08-01,2938,1401,1301,239297.93,120148.75,119149.18,0.5020885471094547,81.44926140231449,1920352,26285,17844.63,46127.950000000004,0.013683287403330571,0.6769915022401114,9.232630015790269,2.5804102142819674,2514215,106730,15003.439999999999,49191.119999999995,0.040668781189881396,0.2786384939927903,5.7706717054777315,3.17735951997346,1393400,20532,11350.15,31410.32,0.014734642891604371,0.5460009355086828,7.911412626909305,2.765199506820424,13.71608762490392,11.532236740968484,8.724173712528824,44198.22,126729.39000000001,2.8672962395318184,33.97249807840123
2025-08-02,3018,1570,1543,258875.51,148809.85,110065.66,0.5748317019249909,85.77717362491717,2083450,28332,19858.08,54411.88,0.013404213332292433,0.7209776865591199,9.499197638679522,2.6803490699387518,1848330,73331,13443.39,38593.28,0.041727465004824674,0.39652355232287195,7.049661373607758,3.0568044972303574,1564400,22905,14088.18,39504.57,0.01458567896730984,0.6263581619256897,8.945170348156674,2.8328664409507036,12.869786130913806,8.71250162022035,9.130382372002593,47389.65,132509.73,2.796174481136704,30.712670123136746
2025-08-03,3702,1620,1554,340964.16,199409.58,141554.58,0.5848402952380685,92.1026904376013,2087448,28556,19562.3,53383.49,0.01363358710889039,0.7019424922323727,9.365084496783748,2.758241036116114,2381422,99802,16892.510000000002,49576.8,0.04203953263878767,0.3223355675624023,7.285405779075218,2.9663381211957636,1700182,26315,12758.56,35232.4,0.01540555998289429,0.478948009680891,7.388705902221707,2.705057268171217,12.588352638352639,10.870341055341056,8.21014157014157,49213.369999999995,138192.69,2.8080314353599443,31.668835263835263
2025-08-04,2677,950,898,247384.79,144893.62,102491.17,0.585701408724441,92.41120283899889,1999573,26329,21895.510000000002,57630.16,0.013299849981646374,0.8283845424738872,10.84392403888838,2.623742679361338,2004196,82957,12878.33,38206.73,0.041375006907766305,0.25936793321935775,6.227257588254722,2.9017939221811795,1461145,22042,12405.01,35311.58,0.015150009572451278,0.5328938700739485,8.082172785452562,2.8338822551102836,24.382527839643654,14.341124721603563,13.814042316258352,47178.850000000006,131148.47000000003,2.7798148958696536,52.53769487750557
2025-08-05,2524,1232,1145,255349.35,151364.66,103984.69,0.5927748004841211,101.16852218700475,2120173,28275,19942.129999999997,51199.83,0.013652981339402548,0.7225152833038274,9.786987929671024,2.558087000791976,2175546,88132,12555.55,38635.35,0.03970921895039423,0.35683313234828556,6.0186191215598495,3.0852230395606584,1770454,26344,14788.460000000001,41997.840000000004,0.015098796306207465,0.5267373080304206,8.005685612120747,2.845189310252898,17.416707423580785,10.965545851528384,12.91568558951965,47286.14,131833.02,2.787984386122445,41.29793886462882
2025-08-06,3054,1333,1240,286964.59,156208.01,130756.58,0.5443459417763007,93.96351997380485,1585076,21282,16557.07,44660.35,0.01350105763204855,0.7885413601458231,10.5656798108456,2.6420373026902757,2356034,102010,15327.16,47043.159999999996,0.04148454125103643,0.34000276338995433,6.662793066771743,3.0326567596760636,1565804,23302,11159.48,30280.55,0.014857476878813164,0.5016246095007307,7.5114142199199465,2.710217477456722,13.352475806451613,12.360612903225807,8.99958064516129,43043.71,121984.06,2.833957853540041,34.71266935483871
2025-08-07,3816,1271,1250,290615.11,166892.32,123722.79,0.5742726866472979,76.15699947589098,1979371,26965,19098.25,49565.83,0.013575177022835023,0.7439835069570089,9.794704421818409,2.5983516990524342,2561678,108848,15094.17,45719.02,0.04200858614850303,0.2193233263913855,5.4553730482939375,2.9546593517149433,1539238,23715,11821.02,35591.159999999996,0.01510213452632064,0.5371871778235404,7.987830789999974,2.9791009461339275,15.2786,12.075336,9.456816,46013.44,130876.01000000001,2.8442996220234784,36.810752
2025-08-08,3322,1342,1305,300068.84,182338.19,117730.65,0.6076545302071351,90.32776640577966,1961928,26731,17118.41,44427.4,0.013540446962660508,0.663303051426708,8.955871253183298,2.5778629425683315,2848294,117837,19077.16,57651.71,0.04065959579935114,0.3378259743239046,6.570171866449597,2.9755294865668636,1389753,21920,10985.71,32464.43,0.01556415677447627,0.5127661124258178,7.834598266531016,2.8904673269144427,13.117555555555555,14.618513409961686,8.418168582375479,47181.28,134543.54,2.8516297141578186,36.15423754789272
2025-08-09,3296,1789,1796,299669.71,178918.65,120751.06,0.5970528352698709,90.91920813106796,1958863,25435,18108.440000000002,45671.56,0.013190647572646605,0.7321453724078169,9.307553571397527,2.551317891325017,2644718,114677,14241.63,44477.4,0.041929596758855714,0.2530955253793606,5.866955764924857,3.0798601100750247,1881746,29118,16057.75,47404.740000000005,0.015238722580985176,0.5461344576137214,8.311404560169917,2.8723974339628517,10.082650334075725,7.929638084632516,8.940840757238307,48407.82,137553.7,2.841559483571043,26.953129175946547
2025-08-10,3153,1588,1507,306997.73,169616.47,137381.26,0.5525007302171258,97.3668664763717,2145238,29113,18290.04,49652.270000000004,0.01338593889341668,0.6837804978727722,8.957924940029946,2.7103334358232645,2646302,104264,16759.25,49299.99,0.039144640577002475,0.3386290181258803,6.465761082314183,2.945926447811888,1513379,22490,12221.6,35469.12,0.015049098097188518,0.5415373721831248,8.227173794304438,2.8367830329883725,12.13672196416722,11.120935633709356,8.109887193098873,47270.89,134421.38,2.8436397114587857,31.367544790975447
2025-08-11,2309,1072,1019,252722.59,153870.3,98852.29,0.6088505978037024,109.45110004330878,1980138,26575,18918.21,50302.98,0.013151980390403814,0.755391779113648,9.738943829828758,2.6455268637401748,2243747,92924,14901.02,46655.56,0.04072022138161823,0.3450026971309924,6.6288924455828635,3.1205047231681604,1604394,23016,14531.24,38158.07,0.01495006016115224,0.5967580096370759,8.797710498246241,2.7863727256784285,18.56546614327772,14.623179587831208,14.260294406280668,48350.469999999994,135116.61000000002,2.794525265214589,47.44894013738959
2025-08-12,2954,1318,1313,285009.86,143614.18,141395.68,0.5038919706146306,96.48268788083953,1688562,23134,16763.48,41902.26,0.013491077185146463,0.743475122034785,9.883414093862367,2.437175403829771,2289787,95917,13295.619999999999,37862.78,0.04136115720781208,0.3024625343045516,5.864376238193996,2.9016873727483166,1370597,20757,11255.45,34468.89,0.015077158824215148,0.5733584475406821,8.50851883258839,3.029726281695955,12.767311500380806,10.126138613861386,8.572315308453923,41314.55,114233.93000000001,2.764980618208355,31.46576542269612
2025-08-13,2900,1238,1232,244095.73,145083.84,99011.89,0.5943727077896855,84.17094137931035,1796520,24859,18600.75,46679.13,0.013429427294204507,0.7630686185104298,10.242253958194063,2.451728897824096,2132541,90143,14619.19,43946.729999999996,0.04013681012487469,0.3273727331584324,6.857447092001752,2.912410516957224,1595513,24112,9735.539999999999,27350.620000000003,0.015461448688448027,0.4097148162320884,6.122893601869768,2.849990406409446,15.098011363636363,11.86622564935065,7.902224025974025,42955.48,117976.47999999998,2.7464826373724605,34.86646103896104
2025-08-14,2557,1363,1288,246950.21,121768.63,125181.58,0.4930898013814202,96.57810324599139,1782552,23550,16135.29,40324.5,0.013471351703108866,0.6894725244534784,9.067129343960577,2.619872167455001,2022396,83124,10537.73,33388.12,0.04193547183427156,0.20229505382132174,5.561606094418295,3.079876100858067,1211457,18053,9602.3,26076.86,0.015044706460606478,0.5160327316764501,7.775524112411569,2.695311392985092,12.527399068322982,8.181467391304347,7.455201863354037,36275.32,99789.48,2.7508917908925405,28.164068322981365
2025-08-15,2017,894,859,204220.75,99324.09,104896.66,0.48635650393018337,101.24975210708973,1698845,22892,16339.65,42318.66,0.01332706888690452,0.7359612669098835,9.60847188703952,2.621522233095301,1678996,66928,9082.28,25499.46,0.04064130117327586,0.29596060665920937,5.760449123298417,2.9409555206450086,1608255,23691,10273.220000000001,27227.449999999997,0.014726211023803084,0.45359309974410883,6.591902554177972,2.7222186833875783,19.021711292200234,10.573084982537836,11.959511059371364,35695.15,95045.56999999999,2.662702636072407,41.55430733410943
2025-08-16,3486,1371,1304,287374.16,174824.52,112549.64,0.6083515650815647,82.4366494549627,1869251,24713,19140.54,50540.32,0.013258583218978864,0.7469421259696634,9.883967759454512,2.642254669908427,2405929,95850,16214.8,48044.82,0.04137064999941469,0.31287082824070034,6.864075885717897,3.077351842812678,1580144,24220,13103.79,39692.16,0.01505832756536526,0.5563516850464654,8.24490032086378,2.978437473091639,14.678328220858896,12.434662576687115,10.048918711656443,48459.13,138277.3,2.8534829246831297,37.16190950920245
2025-08-17,3046,1172,1097,260207.76,157620.15,102587.61,0.6057473074592394,85.42605384110308,2001714,26523,21723.41,55962.9,0.013127815474439372,0.8848462923226503,11.272036441751398,2.609482118343019,2242408,96633,16946.43,56723.08,0.04177623131028795,0.27032113916705736,7.155970507471993,3.2142216204439498,1485591,22773,10569.45,30217.87,0.015168799007696443,0.4840718094904787,7.251894992825743,2.8369207171061226,19.802561531449406,15.447976298997265,9.634867821330904,49239.28999999999,142903.85,2.9022321402278553,44.88540565177757
2025-08-18,2303,1243,1156,206556.83,121671.75,84885.08,0.5890473338499628,89.69033000434216,1626882,22280,17311.55,41185.69,0.013828643268242638,0.7935020480114205,10.747579659625979,2.3897139330791664,1928365,76836,10404.14,33216.71,0.03990227637974573,0.1816810046120023,5.212506538070988,3.0532374623743737,1258750,18932,9087.12,27699.649999999998,0.014941965106634847,0.48073615857253565,7.177508426647694,3.022909662551781,14.9753892733564,9.000121107266436,7.860830449826991,36802.81,102102.04999999999,2.774300386302024,31.836340830449824
2025-08-19,2358,745,750,241960.59,144644.5,97316.09,0.5978018982347497,102.61263358778626,1524275,20832,14727.51,38865.81,0.01341419436100304,0.7601517932918194,9.915668312214809,2.6519429820818488,1712526,68713,11122.48,38125.55,0.04076836285515994,0.2331299736773448,6.6998972336308595,3.3479792836908437,1444683,21790,11804.92,34046.82,0.015169784173035522,0.5376449261991988,7.937752096104776,2.8787830925692455,19.636680000000002,14.829973333333333,15.739893333333333,37654.909999999996,111038.18,2.948836685574338,50.20654666666666
2025-08-20,3105,1069,1015,238645.09,127445.31,111199.78,0.5340370086809664,76.85832206119163,1729817,23241,16854.34,44156.0,0.013346681131286314,0.7349366545048606,9.716753834241974,2.6333133271039606,1531860,63011,10790.98,33861.61,0.040610751877440183,0.36499584308525684,6.8882729511431195,3.18575317537098,1498384,22731,12245.19,34807.01,0.015291313638417783,0.5582695077699367,8.41558360358422,2.8189837255868486,16.60526108374384,10.63150738916256,12.064226600985222,39890.51,112824.62,2.8283574213515945,39.30099507389163
2025-08-21,2530,1303,1329,205032.67,102612.53,102420.14,0.5004691691328996,81.04058102766798,1640148,22031,14563.16,38568.53,0.01355218988614155,0.6596876594563412,8.880745198835443,2.6584699239515404,1656301,71731,10501.51,31373.47,0.04098328111764922,0.2924766815261409,6.42115268488898,2.8991821388807137,1459730,22037,12138.32,34699.65,0.015527851753925246,0.5625872915781567,8.772444253382217,2.9089126119894693,10.957983446200151,7.901813393528969,9.133423626787058,37202.99,104641.65,2.8127215043737075,27.993220466516178
2025-08-22,2168,668,645,215178.34,113944.49,101233.85,0.5295351288610183,99.25200184501846,1399202,19916,13805.38,38691.659999999996,0.014026050646437383,0.7114523884337712,9.878583213693318,2.7473548739794063,1899886,78020,11188.08,35943.11,0.0406186035416438,0.20571211713388204,5.8385471756267036,3.1312675858013357,1561090,24264,11428.189999999999,32985.869999999995,0.015094945925442301,0.4776423471898769,7.142082088439733,2.8573520397112775,21.40368992248062,17.345860465116278,17.71812403100775,36421.649999999994,107620.63999999998,2.954853500596486,56.467674418604645
2025-08-23,3550,1568,1548,320310.11,188007.73,132302.38,0.5869553414970262,90.2282,1708137,22369,18540.8,50884.46,0.013085120479705562,0.8198168552148049,10.75616798659919,2.6898063569088144,1931683,83544,14331.2,42449.700000000004,0.04253818156149177,0.40406390682693305,7.474106426300357,3.0408697760382912,1657118,24988,14153.4,40926.18,0.01534176071451153,0.5485133597103549,8.29163216296561,2.8771130043390385,11.977260981912144,9.257881136950905,9.143023255813953,47025.4,134260.34,2.8550600313872927,30.378165374677003
2025-08-24,2523,1256,1178,258953.2,128419.08,130534.12,0.49591617326991905,102.63701942132383,1655306,21383,18193.56,46830.36,0.01324284345116584,0.8306876196462613,10.988908619139618,2.584086479108165,2391638,99421,16389.41,47170.06,0.041739151459900814,0.32356426414973505,6.797064892642003,2.8666281072877458,1412766,20822,11148.23,32270.559999999998,0.014727417587589905,0.5292136020411274,7.657110906449269,2.917410569503327,15.444448217317488,13.912911714770798,9.463692699490661,45731.2,126270.98,2.7611560597578895,38.821052631578944
2025-08-25,3242,1491,1514,268195.98,149466.13,118729.85,0.5573019028845996,82.72547193090683,1400426,18631,14376.61,39075.6,0.01323468876808175,0.8010730998793523,10.567028357898321,2.6647222178333085,2175119,91624,13864.6,40957.94,0.041444966653966075,0.3593348436959182,6.3426654628153685,3.070420902334114,1324982,19831,11870.89,33878.58,0.014952478540284708,0.600171000488972,8.95697277682937,2.8268314816724938,9.495779392338177,9.15759577278732,7.840746367239102,40112.1,113912.12000000001,2.8398443362476664,26.494121532364595
2025-08-26,3386,1325,1290,295071.75,179926.24,115145.51,0.6097711488815856,87.14463969285292,1649785,22040,18172.27,48433.86,0.013139267808377897,0.8707944237908884,11.164277367057363,2.6370634577896626,2291469,97219,15748.96,45079.94,0.041966169204652674,0.366003670574755,6.829063525632906,2.888435829704838,1487367,21501,10105.19,28967.11,0.01484225288801159,0.4850575633461617,7.173885439494638,2.8305951677643275,14.08703100775194,12.208496124031008,7.833480620155039,44026.42,122480.91,2.78198658896181,34.12900775193798
2025-08-27,2601,1214,1136,216104.95,113084.41,103020.54,0.5232846818177926,83.08533256439831,1641459,22287,13374.79,35646.4,0.013323378427305771,0.617112848633867,8.188958368416056,2.659707463006583,1741260,73567,12715.19,38760.83,0.0416370622490186,0.3868628039697336,7.051987622919394,3.135337154142328,1530789,23221,12947.93,36592.18,0.015265772690559298,0.5458994786420559,8.267245405486173,2.808992769077986,11.773582746478874,11.192948943661973,11.397825704225353,39037.91,110999.41,2.8433748118175384,34.3643573943662
2025-08-28,3236,1724,1652,247519.4,145793.47,101725.93,0.5890183557329244,76.48930778739184,1900843,24820,21393.02,55406.54,0.013051242471664545,0.8388038399138088,10.891814749187802,2.5170816274291097,2145375,91045,13915.619999999999,42859.75,0.04090661969852081,0.3821750074104046,6.785501251953815,3.0639147741894566,1543554,23634,12629.8,36262.96,0.015467681991817226,0.5199269545828057,7.858000602139606,2.916724892644556,12.949769975786925,8.423498789346246,7.645157384987893,47938.44,134529.25,2.806291777538026,29.018426150121066
2025-08-29,3154,1088,1040,226107.82,117891.11,108216.71,0.5213933334990359,71.68922637920102,1428391,19497,12985.78,35151.89,0.013506435267185285,0.6806049714299613,9.133764284129011,2.6519113456413463,1986055,82561,11075.369999999999,35525.4,0.040919141341482335,0.20609125838766676,5.888152251160937,3.1821956711762454,1541778,23503,11761.61,32025.78,0.015255022671786545,0.4764411160178187,7.2646404717406154,2.70799614435882,12.486326923076923,10.64939423076923,11.309240384615386,35822.76,102703.07,2.866978144620906,34.44496153846154
2025-08-30,3000,1426,1353,305078.01,175947.47,129130.54,0.5767294404470515,101.69267,2053830,29314,18689.95,48980.409999999996,0.013815764498394376,0.6953922119054298,9.3441718840232,2.589229596242161,2040779,83832,14053.24,43779.04,0.04117636323316872,0.27499746742564013,6.910675712797648,3.0367365264069988,1361530,20318,11392.630000000001,32537.76,0.015023946179651648,0.6083732406399315,8.948519172408616,2.8689771951634992,13.813710273466372,10.386725794530673,8.420273466371029,44135.82000000001,125297.20999999999,2.838900693359724,32.620709534368075
2025-08-31,2395,1079,1038,238354.78,114496.24,123858.54,0.4803605784620724,99.52182881002088,1839414,24488,18833.39,49680.91,0.013139887052483335,0.8364616422633905,10.743714772371444,2.667538282885317,1959012,81327,12817.47,40099.86,0.03999191643021595,0.2325029967580326,6.301407894188349,3.0278308995014758,1912886,28930,13683.22,38267.04,0.015175588755068525,0.5029620476922723,7.459190012340315,2.8322316175554687,18.14392100192678,12.348236994219652,13.182292870905586,45334.08,128047.81,2.8245375223231615,43.67445086705202
2025-09-01,3757,1322,1316,296533.91,172492.17,124041.74,0.5816945859581456,78.9283763641203,2032689,26458,20136.96,51975.520000000004,0.013060093764450182,0.772891476375669,9.830187106824791,2.55854909865377,2231394,97146,11399.76,34218.55,0.041701599331998164,0.21227189727699805,5.203051746663377,2.9216693954900816,1706434,24802,13343.68,36648.35,0.014800211615923884,0.5440064879663483,8.031956694773465,2.837839065804025,15.301641337386018,8.66243161094225,10.139574468085106,44880.4,122842.42000000001,2.7371061755242825,34.103647416413374
2025-09-02,2619,1273,1283,287607.96,152559.86,135048.1,0.5304438027375875,109.81594501718214,1885153,25692,19430.95,49909.48,0.013618559472449896,0.7562617223857891,10.265351866568993,2.578430490856077,2690124,105825,19728.61,59329.81,0.04095050376289347,0.33377942258723936,7.602761593103106,3.064233031809409,1336778,19984,10516.25,28502.48,0.015154956268436898,0.5381739647686132,7.990840373777871,2.7821858145418976,15.144933749025721,15.376936866718628,8.196609508963368,49675.81,137741.77000000002,2.772813769921417,38.71848012470772
2025-09-03,3681,1452,1383,303803.33,162377.28,141426.05,0.5344815674008576,82.53282531920674,2037966,27572,19985.86,50168.58,0.013620522862448437,0.7291837195542371,9.712370916237765,2.547538375317131,2563623,110418,18377.21,54801.73,0.04101675448334827,0.3416045419381365,7.157261242615187,2.977672423149498,1570007,22897,13544.74,39124.85,0.01478167497338998,0.5971507431121357,8.81898213011792,2.9295065608764412,14.451091829356471,13.287932031814895,9.793738250180766,51907.81,144095.16,2.7759822654818227,37.532762111352135
2025-09-04,2756,1383,1361,282378.04,158394.37,123983.67,0.5609301983964475,102.45937590711175,1966255,25836,20912.39,54413.78,0.01342546603561628,0.790132771827565,10.466825088952858,2.619574773756867,2046818,83687,15055.07,45240.95,0.04010001117202437,0.36581074766550337,7.671259411144911,3.012777186572232,1471527,21658,10984.98,31313.98,0.01480940522003076,0.552348777906482,8.039022501346276,2.867299038954189,15.365459221160911,11.061770756796474,8.071256429096252,46952.44,130968.70999999999,2.7893909240925496,34.49848640705364
2025-09-05,2640,908,863,221288.67,122521.82,98766.85,0.553674166869908,83.82146590909092,1652546,22729,14647.44,36924.1,0.013479758946873357,0.6961130643033174,9.088109938393774,2.516986421176156,1979673,79390,14065.79,41191.43,0.040062328137279765,0.23016947911137425,7.065460164825356,2.8746491908077076,1628153,25244,14222.76,40184.32,0.01544288960278476,0.5698539954034063,8.745098723537014,2.7952941203322066,16.972699884125145,16.298713789107765,16.480602549246814,42935.990000000005,118299.85,2.7552607963622124,49.752016222479725
2025-09-06,3845,1440,1411,332048.9,199746.55,132302.35,0.601557632023476,86.35862158647595,2365251,32843,23879.52,60179.58,0.013459284602178313,0.7429182508533483,9.755966442992815,2.4691149170979307,2059487,82724,12625.88,39103.71,0.0410856012574221,0.23259599299355363,6.207732789015891,3.0844993652491013,1819561,27985,15347.7,42614.26,0.01539279660143834,0.5375982704908318,8.21515724312371,2.7548383947234916,16.923827072997874,8.9481785967399,10.877179305457123,51853.100000000006,141897.55000000002,2.7365297349628084,36.7491849751949
2025-09-07,5009,2491,2339,376324.45,183087.68,193236.77,0.48651550543686434,75.12965661808744,2155236,27693,22850.93,60349.55,0.013030480798777852,0.8566099146096704,10.93077670147031,2.592766105986608,2193312,85786,14741.05,46209.81,0.04017930176690719,0.320265240208791,6.712266970246861,3.165898179642251,1955541,28943,16688.67,47712.47,0.014965349203817748,0.5707627412513807,8.382993516503992,2.9007335618414585,9.769529713552801,6.302287302265925,7.134959384352286,54280.649999999994,154271.83000000002,2.8421146393788583,23.206776400171012
2025-09-08,2751,919,907,298644.18,146421.48,152222.7,0.4902874048976947,108.55840785169029,1755006,24757,16444.420000000002,42710.630000000005,0.013815417528947363,0.6899746058956758,9.479328202383307,2.5277377771055507,2136741,86427,17078.07,56713.75,0.03989824683204032,0.30364374719682696,7.819045602430563,3.229241401292403,1712415,25404,15956.02,43680.4,0.014680799163549044,0.6483509175818125,9.382990840834777,2.7417972481766237,18.130562293274533,18.829184123484012,17.592083792723265,49478.51000000001,143104.78,2.8922613069795347,54.55183020948182
2025-09-09,4410,2027,1974,312940.13,151560.16,161379.97,0.48431040148158694,70.96148072562359,2109003,29059,21668.12,56526.83,0.013790477372805431,0.76927415631386,10.385297179347242,2.6020688004440053,2644125,110779,14439.6,44599.96,0.04139383984773377,0.20940908226693716,6.035131284690559,3.0094568913632678,1773415,26879,16163.210000000001,48574.869999999995,0.015036510672823373,0.6309853422644831,9.230677637131906,3.011919328271582,10.976757852077,7.314893617021276,8.188049645390072,52270.93,149701.66,2.8639563137675186,26.47970111448835
2025-09-10,2649,946,890,235893.29,141579.4,94313.89,0.6001840917136727,89.049939599849,1857975,24908,18648.9,47583.92,0.013376775809118844,0.7660529496880694,10.005917123860177,2.5815044741563575,2059288,86317,11300.8,34186.57,0.040334693739256286,0.3273992799938402,5.492757038513408,3.0461589284870767,1554124,24055,11349.46,32703.8,0.015277436165832816,0.46844711157265245,7.008146542071612,2.8657421722910725,20.953820224719102,12.697528089887639,12.75220224719101,41299.16,114474.29,2.7718309524939486,46.40355056179776
2025-09-11,2545,1382,1407,266395.31,133847.87,132547.44,0.5024407899673609,104.67399214145382,1929203,25768,17829.38,48311.76,0.013568343180946435,0.6979660985883629,9.486668349147651,2.706134085468848,1920235,83578,13380.92,41316.6,0.041452333700704946,0.26075550098829287,7.026794597424273,3.0102496433505594,1484479,21865,12797.57,36828.37,0.014856080155020396,0.5842312239495226,8.666387194603297,2.850984606654266,12.671911869225303,9.510248756218905,9.095643212508884,44007.87,126456.73000000001,2.8735026257803433,31.277803837953094
2025-09-12,2624,966,894,263461.73,146803.98,116657.75,0.5572117817642813,100.40462271341462,1954647,26114,19246.12,49420.38,0.013173643472812057,0.7111779971951224,9.241693237061842,2.5503114007327206,2286187,94815,15182.4,49050.15,0.040074846685564644,0.22629269138727492,6.334674339730741,3.119185234048314,1528333,22089,11147.38,30794.13,0.014925297059531578,0.4825422808116683,7.117680889802808,2.839901030103083,21.528098434004473,16.98255033557047,12.46910514541387,45575.899999999994,129264.66,2.836250298951859,50.979753914988805
