date,channel,impressions,clicks,spend,attributed revenue,ctr,cpc,cpm,roas
2025-05-16,Facebook,1475903,19638,15440.67,40775.59,0.013543184183405346,0.7871427851210899,10.413427157968197,2.6381866518923376
2025-05-16,Google,2033462,83448,12669.470000000001,36422.52,0.04272756995957899,0.3429383104820642,6.212749660422739,3.0362543908809783
2025-05-16,TikTok,1432113,22237,11997.119999999999,33083.74,0.015359089638712136,0.5725684532055799,8.697592701724691,2.7559147072809838
2025-05-17,Facebook,1677399,21777,17210.84,42695.57,0.013111372131187437,0.7826482110641809,10.103597596759641,2.5615910518779845
2025-05-17,Google,1905351,79998,13250.04,39544.909999999996,0.041039646197536916,0.3143079909404587,7.129563492478603,2.958901554253304
2025-05-17,TikTok,1462304,22458,11222.08,32161.149999999998,0.015034612454390122,0.5349665835731693,7.8699408268207165,2.8282804434873583
2025-05-18,Facebook,1687499,23297,17492.64,46380.880000000005,0.013582291762952,0.7827530949866448,10.476310133262313,2.6329396585126674
2025-05-18,Google,1880528,76834,12191.8,40701.78,0.03984437980668191,0.24404554572917872,6.493696795188692,3.25754917034372
2025-05-18,TikTok,1689160,25233,13274.73,36594.92,0.014923408960897767,0.5241723951820906,7.698978585695841,2.7600738431083367
2025-05-19,Facebook,1600554,21285,16296.34,42482.04,0.01380548304539544,0.7413475443542943,10.036852417755043,2.688359641979988
2025-05-19,Google,1679868,70965,12085.4,37043.71,0.04088788432193758,0.4123223220550525,7.4556945971903374,3.0743332905865417
2025-05-19,TikTok,1487766,23141,11556.3,31943.61,0.015306039284960863,0.5082977700394116,7.614493531167705,2.7019189128621486
2025-05-20,Facebook,1642554,21760,14728.15,39414.45,0.01322210054358738,0.6682446769555668,8.59664288264474,2.654161138441847
2025-05-20,Google,1846924,68390,8239.23,23916.8,0.04014279335236821,0.17862830558022158,4.960473114567572,2.9127526276996463
2025-05-20,TikTok,1321766,18956,10250.380000000001,28846.97,0.014570308660097111,0.5312574373908886,7.7047933212186,2.8661170695667386
2025-05-21,Facebook,1734795,23840,18150.58,46508.97,0.013854674113032475,0.7809363549444296,10.684823864524255,2.57474919065061
2025-05-21,Google,1907229,75837,13044.49,38782.11,0.03975417801741627,0.34668729627976713,6.976436823418453,3.06830498806195
2025-05-21,TikTok,1545500,22756,11606.07,32778.01,0.014880770359707923,0.5314108066027186,7.926969548129084,2.8428392184356897
2025-05-22,Facebook,1858669,25347,15581.33,40043.08,0.013338287065449261,0.6352914821794071,8.238792545404834,2.5067384314656156
2025-05-22,Google,1807037,74245,9501.57,29695.73,0.04082876619993125,0.3168213148778602,5.546306869145235,3.195004277116875
2025-05-22,TikTok,1394802,20474,10031.68,28759.68,0.014502368240265805,0.49944501911818495,7.287285515294457,2.8395483980133593
2025-05-23,Facebook,1662268,22306,17741.35,44653.05,0.013667745277300063,0.7794002191616956,10.618879272078496,2.5987362995016774
2025-05-23,Google,1878314,77937,11281.710000000001,35812.92,0.040194406413324356,0.21105707369728796,5.807864436876789,3.073269643223947
2025-05-23,TikTok,1235730,17952,9246.03,26594.03,0.014621978390588921,0.5075156449396896,7.335706745124099,2.848924772190146
2025-05-24,Facebook,1814306,23800,20450.54,51635.81,0.013265231138757199,0.8825524939469602,11.41568043360812,2.535672506344067
2025-05-24,Google,2338448,87491,16672.559999999998,48831.380000000005,0.04086051842982673,0.33709137827865215,6.991288083472016,3.068146202529175
2025-05-24,TikTok,1312123,19457,9958.19,26860.3,0.01516924497034226,0.5194295637227121,7.941053088743379,2.708271637434382
2025-05-25,Facebook,1895796,27089,17109.46,45619.490000000005,0.014216732749505284,0.6506801181210993,9.019344005254856,2.6597098453898718
2025-05-25,Google,1618717,65437,9933.56,28777.52,0.04040592484163853,0.32851218753844913,6.036592369740948,2.9077421772762886
2025-05-25,TikTok,1228294,18770,11440.78,31566.91,0.015503031951336056,0.6159430149424349,9.457806285945576,2.8209984737890474
2025-05-26,Facebook,1644416,22111,17864.7,44773.07,0.013383615340292764,0.7900039647384709,10.471996009813243,2.486678638364781
2025-05-26,Google,2044846,85942,15042.199999999999,45460.51,0.040700117862616694,0.27130483472765926,7.136245070516429,2.9091395273196383
2025-05-26,TikTok,1272066,19509,8944.52,25378.670000000002,0.015433814317398365,0.4648239555055551,7.016839778563529,2.8412060227985885
2025-05-27,Facebook,1473003,19623,15354.36,40557.05,0.013369869394095102,0.7619280954041417,10.16504443644317,2.6224910658668543
2025-05-27,Google,2059053,82161,12996.69,38303.0,0.04054659616559712,0.36223629918043426,6.47930370547401,3.0359217760587733
2025-05-27,TikTok,1293611,19181,9171.33,25628.67,0.014881208250784742,0.4682232765618622,6.853747037322094,2.822677429432864
2025-05-28,Facebook,2195486,28650,22933.64,60103.03,0.012930667742279633,0.8003685606480169,10.223522704814798,2.6044722875893913
2025-05-28,Google,1933361,79491,11975.720000000001,35330.2,0.040753460650341064,0.2814150881865038,6.182042772277321,2.9702586994528026
2025-05-28,TikTok,1380454,20748,11276.07,30980.0,0.015245618639178468,0.5490286358518975,8.262459443777882,2.7941303706117315
2025-05-29,Facebook,1889969,26086,17945.64,51222.71,0.013610521953834989,0.7041279252678808,9.393135246903089,2.8043429475248605
2025-05-29,Google,2245351,91001,14678.01,45382.84,0.040985285185061934,0.24178660738386867,6.846138103193461,3.080178563495717
2025-05-29,TikTok,1398315,20832,11936.75,33013.47,0.014938103894773815,0.5787929497621385,8.624707176470455,2.7655660335510373
2025-05-30,Facebook,1881567,25882,21853.42,56279.19,0.013720695193117485,0.8573732829707866,11.632121647901837,2.5507271385699415
2025-05-30,Google,2119787,82834,13900.16,42726.52,0.03996275223083646,0.2402506738542279,6.4926621005009935,3.047232681892006
2025-05-30,TikTok,1294821,20018,11223.81,30421.31,0.015528658387241646,0.5767769963858828,8.880714712271873,2.764849614652282
2025-05-31,Facebook,1970971,26014,19538.88,48808.11,0.01344067229045531,0.7716239349809425,10.372093689943025,2.5079792110043524
2025-05-31,Google,2181961,96753,14261.39,45057.53,0.042313629739601344,0.40745231062245,6.744255534825788,3.115431177873843
2025-05-31,TikTok,1367170,21085,10986.25,31537.89,0.015397949862757632,0.5427927162695952,8.174852831112963,2.8319223485095266
2025-06-01,Facebook,1550987,21220,14544.8,37540.74,0.013426590429264678,0.71196420002321,9.360413929497593,2.545573640798516
2025-06-01,Google,2656182,115515,19515.7,62804.29,0.04114069368318436,0.21446601541374627,6.518622154309344,3.071052561880255
2025-06-01,TikTok,1529877,24316,11330.96,33275.68,0.015787932427333954,0.4996801783269432,7.743673267142422,2.9496978842714143
2025-06-02,Facebook,1875244,25943,19793.6,51274.130000000005,0.013867186041068425,0.7715534352223778,10.541059873414175,2.602216658176393
2025-06-02,Google,2431267,103246,14527.65,44815.15,0.04074471914301254,0.2702858411993905,6.010525285527504,3.0158462554700636
2025-06-02,TikTok,1599696,23795,11786.550000000001,33248.4,0.01497735832560049,0.48515671280217687,7.165024327528215,2.87246650788882
2025-06-03,Facebook,1763014,24590,18187.96,49315.66,0.013694894267722166,0.7647442087226507,10.307244657130447,2.6339829252253537
2025-06-03,Google,2230394,95081,16903.6,51394.229999999996,0.042064937938653554,0.4190125264050053,7.222835886147587,2.9881304274501117
2025-06-03,TikTok,1899100,28321,16141.08,43975.7,0.015129224318809873,0.5602004243625031,8.495259856710543,2.745009549378032
2025-06-04,Facebook,2077409,27733,20694.75,53614.32,0.01328617707162785,0.8053094319072306,10.49303474788831,2.6068925088925927
2025-06-04,Google,2306978,99256,12344.24,40566.11,0.04184230407936312,0.20501214552143696,5.312633253988663,3.1933132454692887
2025-06-04,TikTok,1679443,26453,13785.98,39014.29,0.015486592446985368,0.5261652374603173,7.9714868636364375,2.866456342327909
2025-06-05,Facebook,1828871,25849,19877.809999999998,51215.65,0.013961492525092609,0.7993989864435591,10.794373385170847,2.6099533095993963
2025-06-05,Google,2060287,86394,13247.17,40585.67,0.0398286328849453,0.2942583871331799,6.421323275197421,2.916734442021228
2025-06-05,TikTok,1632773,24671,14258.560000000001,41430.11,0.014739006765765917,0.5694953920355716,8.340060012699462,2.795859658708231
2025-06-06,Facebook,2106135,27672,23023.78,59690.92,0.013141412944166713,0.8478717172633882,10.778623387564721,2.611513942630773
2025-06-06,Google,2389551,94437,16026.64,46411.020000000004,0.039716902859075004,0.3501405142520391,6.50324339045105,2.8820625380663287
2025-06-06,TikTok,1463636,22109,12749.84,36654.36,0.015380634203663993,0.5896191547415828,9.063365886633191,2.892261541608054
2025-06-07,Facebook,2137730,29275,19443.52,51955.67,0.013270979722312188,0.6786781518437556,8.902467254172683,2.6070382921490696
2025-06-07,Google,2475095,93205,15202.73,44811.58,0.040987599340253894,0.2921671707832346,6.048325301355294,3.117005024776039
2025-06-07,TikTok,1242993,18515,10125.51,29485.61,0.014738195806591886,0.5875386496812022,8.51340675187212,2.9147924584794245
2025-06-08,Facebook,2159143,29714,19597.98,51055.9,0.013884272503469736,0.6912523883556438,9.50969372933197,2.637565311538287
2025-06-08,Google,2681840,112855,15928.72,48310.4,0.04040232131658218,0.3014660872650181,5.895422786590117,3.012256888739875
2025-06-08,TikTok,1642063,24882,10991.53,31779.57,0.014950862283213445,0.46042603494323764,6.85340739675731,2.837750986160784
2025-06-09,Facebook,2021627,27315,19312.14,51243.22,0.013604478803985867,0.717168832423231,9.618951903755356,2.6178701827553725
2025-06-09,Google,2390761,101934,17829.22,55818.86,0.041060967900506826,0.44585271010366256,7.948040246389349,3.125419211130692
2025-06-09,TikTok,1762025,26910,15541.65,46273.61,0.015302444860102649,0.6007219772827593,9.109643051342474,2.9434371317045747
2025-06-10,Facebook,1978585,27447,19202.17,53349.479999999996,0.013692440537616054,0.6862923651007895,9.394207315204357,2.6662156349731654
2025-06-10,Google,1616004,69277,10381.06,31959.3,0.04201249523830951,0.2987399291198315,6.647861011657907,3.0527424393733065
2025-06-10,TikTok,1459745,21530,11286.08,30626.829999999998,0.015132318127717852,0.5253741240836911,7.967786385927177,2.7228685493577407
2025-06-11,Facebook,1610079,22446,17013.56,44244.76,0.014088052843598403,0.7478313989888357,10.558328032013492,2.6165968348154465
2025-06-11,Google,3103060,130189,19819.89,59644.11,0.03962953671977018,0.3789109944744048,6.451873473331403,2.9862332728496015
2025-06-11,TikTok,1887816,27356,14669.86,41314.37,0.01459261214969185,0.5349689871117584,7.774458199262909,2.8321243709984456
2025-06-12,Facebook,1843773,24458,17842.25,48411.04,0.013241026818590861,0.7624100701978695,10.068948796683676,2.6813810476119917
2025-06-12,Google,2168606,90047,14601.02,46848.91,0.04223019900606983,0.22550774276520671,6.57032089247514,3.1845231078228844
2025-06-12,TikTok,1441919,22237,12366.92,32735.22,0.015402246141541575,0.5728026832376454,8.669591173130291,2.7100619273920783
2025-06-13,Facebook,2003913,27855,20376.36,50670.45,0.013609728715555386,0.7712045861263616,10.321475658560114,2.453287413030278
2025-06-13,Google,2226653,96057,16996.62,52094.96,0.0422254052299854,0.38058068169334325,7.748935233267007,3.0549815961196467
2025-06-13,TikTok,1727674,26089,13108.62,37794.01,0.015509536013800066,0.5091829507217909,7.862296568558671,2.85961179930708
2025-06-14,Facebook,1805376,24181,18749.71,48464.21,0.013596844940181863,0.7651944492655424,10.191320342363687,2.561642656117928
2025-06-14,Google,2354833,93831,16740.989999999998,51203.4,0.04079908806616897,0.3896833852000533,7.041002440760292,3.1577935912770667
2025-06-14,TikTok,1498004,22754,10599.26,30058.26,0.01533473209783098,0.47628255627196403,7.380983039629987,2.8037714357357664
2025-06-15,Facebook,1884583,24918,18580.24,47109.35,0.013395519586166143,0.7631331449661979,10.184988994587245,2.544807065774372
2025-06-15,Google,1980315,82514,14625.23,45414.54,0.0421022208116689,0.3441929010066672,7.039907059865136,3.1041808863239266
2025-06-15,TikTok,1439541,22060,11391.62,30806.76,0.015204784331953183,0.5058425893011478,7.757444257517508,2.708247512158665
2025-06-16,Facebook,1984820,26938,19931.45,45801.29,0.013329677017219117,0.773594070945526,10.195943923364363,2.277004218696729
2025-06-16,Google,1759692,76935,11378.17,37287.62,0.04133770655057608,0.25831346003976874,6.444312247784522,3.158280395809204
2025-06-16,TikTok,1391870,21489,10596.72,30439.29,0.015520931959424406,0.5363250348798765,8.188772694092725,2.936606132334689
2025-06-17,Facebook,1977295,26602,19362.98,51031.44,0.013442261896053326,0.7168576577879116,9.625066339916708,2.5748601421141304
2025-06-17,Google,1872428,79101,12998.95,41143.45,0.04134696408305854,0.2938182637499699,7.175441792157746,3.0729884355375927
2025-06-17,TikTok,1265864,19447,10033.23,28175.25,0.015362342194905001,0.4843086718316744,7.537222423416419,2.708241167328914
2025-06-18,Facebook,1576599,21583,14182.36,37535.36,0.013809490071400607,0.6826972119729336,9.204762260775974,2.6508734407783274
2025-06-18,Google,2016607,86785,14826.369999999999,44296.86,0.04166773152364907,0.2775717194671198,7.377288300976415,2.8955225415589556
2025-06-18,TikTok,1436919,21022,10642.17,29126.26,0.014686508648818292,0.5017821029505003,7.1779587625836765,2.8030111028735876
2025-06-19,Facebook,1360823,18235,13354.41,34858.14,0.013393823774825403,0.740902366197172,9.79137177489358,2.583539879183518
2025-06-19,Google,2246642,96462,14585.59,44013.2,0.041155553301508566,0.3075403262296534,6.617314964817308,2.9385524911202894
2025-06-19,TikTok,1210604,17705,10278.23,28628.43,0.01460407970971403,0.5760089913690842,8.345380017011356,2.774195155161956
2025-06-20,Facebook,1708920,24007,16498.93,43998.05,0.013817982414097674,0.7251459810101825,9.85833636032155,2.5424557523818163
2025-06-20,Google,1767795,74684,11194.77,31827.28,0.04083936615247238,0.21727137733867147,6.31200818340829,2.76528757835323
2025-06-20,TikTok,1185619,17412,10418.17,28465.49,0.014762901797499487,0.5810737583883177,8.428375756348334,2.808709184024687
2025-06-21,Facebook,1561667,21346,17520.079999999998,44413.67,0.013504272352723523,0.8354948571754666,11.148346815918822,2.523367057430362
2025-06-21,Google,1610433,69854,10944.34,30536.44,0.04195893566360157,0.3688277902166082,6.696395306619509,2.837330215749969
2025-06-21,TikTok,1256031,19137,9945.17,27351.86,0.015246887788890709,0.5210852593186296,7.754365405744006,2.8214393392213877
2025-06-22,Facebook,1694355,23666,16651.55,41656.33,0.013982586552562704,0.7142896645088437,9.782760697711344,2.5398215236937647
2025-06-22,Google,2142436,92815,13598.78,39570.68,0.04246962925635831,0.2846499606112245,6.156958826204792,2.840992838197339
2025-06-22,TikTok,1312919,20016,9335.960000000001,27163.47,0.01519866287202656,0.5140268852491877,7.79870555060325,2.86865554690897
2025-06-23,Facebook,1736733,23673,14888.76,37603.33,0.013677787679465214,0.6417567902305772,8.612895354590647,2.5682518612216017
2025-06-23,Google,1582123,63727,11066.67,32916.090000000004,0.04094122838025023,0.32062185711815283,6.765874368354318,3.0633987077804385
2025-06-23,TikTok,1629899,24932,15179.230000000001,41478.12,0.015398793604224035,0.5952973518341113,8.987404523207811,2.8303105039813596
2025-06-24,Facebook,1653992,22541,15737.04,39331.44,0.013645853739675664,0.7231635572692955,9.789466925564964,2.4497977680298204
2025-06-24,Google,1605565,68460,9858.34,29965.54,0.04105432325708125,0.34920714721380813,6.075803886402168,3.0290318424573868
2025-06-24,TikTok,1505915,23051,11992.62,34571.43,0.01502735657540354,0.589219490583593,8.634293493898703,2.82935984467933
2025-06-25,Facebook,1658971,23097,15734.609999999999,42196.87,0.013767995546868103,0.6941354347742199,9.48181474682512,2.598397902086165
2025-06-25,Google,2063561,88788,14450.46,47036.8,0.04146428909218986,0.27092377776977894,6.746712532841275,3.145295975913394
2025-06-25,TikTok,1080890,16050,8081.62,22469.68,0.01475019882193932,0.5045513101442858,7.342320442096224,2.8349410071612993
2025-06-26,Facebook,1461734,19538,13797.25,36198.229999999996,0.013118049632743555,0.7228145468534087,9.352036359758149,2.582923233302788
2025-06-26,Google,2079988,85728,15417.36,46005.64,0.04077786472271776,0.36753046248472887,7.7014335410208385,3.0656622057989127
2025-06-26,TikTok,1276814,18938,9802.369999999999,27582.26,0.014975998081286126,0.5414212450437729,7.9911880613953326,2.822194749178066
2025-06-27,Facebook,1445469,19381,14267.710000000001,36102.32,0.013209307479771535,0.774861131322514,10.112385532573011,2.5090935288151925
2025-06-27,Google,1658618,66652,10039.64,28063.48,0.0404837304947147,0.34796731673520637,6.077242515779202,2.9248201322795837
2025-06-27,TikTok,1264359,19205,11945.550000000001,32975.26,0.015230918077546039,0.6144668659998753,9.29927712841042,2.7712342454007812
2025-06-28,Facebook,1785053,23356,17947.2,45216.45,0.01332068583914198,0.7998407049079841,10.367361205909088,2.562408626335291
2025-06-28,Google,2088261,86547,14417.68,49269.83,0.040389547404290405,0.2269773911215859,6.565105878185965,3.2366665188616017
2025-06-28,TikTok,1809910,27333,12694.98,38506.369999999995,0.015257037984771706,0.4672355186131494,7.045756304711499,3.0288044817510995
2025-06-29,Facebook,2089409,28595,19311.25,52999.55,0.013262078372184728,0.6632695952530963,8.826671377498062,2.631627539610802
2025-06-29,Google,1892155,80572,13332.76,41043.03,0.040896780285831505,0.35337628891448136,7.131789509379095,3.0777139036970294
2025-06-29,TikTok,1367842,20542,9595.75,26933.43,0.015153773904617793,0.45575051736952543,6.910383275810108,2.8846731311537734
2025-06-30,Facebook,1882478,25296,21399.47,55432.32,0.013231779981633846,0.8916428358375896,11.51825664530009,2.600342751150624
2025-06-30,Google,1753437,71689,11968.99,37155.42,0.04189339825623627,0.3219945191250032,6.712361744881787,3.118063352484871
2025-06-30,TikTok,1598160,24422,13590.65,41092.24,0.015255542148916394,0.5784340287440297,8.67325863959503,3.042951592678615
2025-07-01,Facebook,1741212,24606,18374.68,49475.450000000004,0.013985922964111847,0.7862356217006802,10.877142721314076,2.6709102828905413
2025-07-01,Google,1957760,82638,11998.06,37314.96,0.041429257286244484,0.20524241857177214,5.433080130344804,2.982339709968669
2025-07-01,TikTok,1438124,21571,11725.470000000001,33575.58,0.015006100906011283,0.5438947380035783,7.984546615538136,2.9214484440219524
2025-07-02,Facebook,2129652,28422,19072.62,49851.64,0.013256855083254315,0.6732229183572971,8.757062384601243,2.5674330123575344
2025-07-02,Google,2079780,88112,12122.24,39133.58,0.04148966648962739,0.2419324192540561,6.258387454567609,3.0936593416890625
2025-07-02,TikTok,1588600,23083,10500.02,28829.26,0.014625291377521197,0.45437916506906817,6.524931222711548,2.774058758405304
2025-07-03,Facebook,1850411,24597,17783.62,42724.24,0.013231407489237988,0.7792101900567141,9.921440587811873,2.447712775023599
2025-07-03,Google,1871950,81819,12713.03,39845.99,0.04110283939443968,0.3738601020023312,6.902482811622273,3.0842518337097475
2025-07-03,TikTok,1732403,25618,14076.66,39714.45,0.01505461246116713,0.5651006418398239,8.467854997370804,2.85691541245731
2025-07-04,Facebook,1904949,26231,19510.89,49233.020000000004,0.013562849476822268,0.8038823311401941,10.622302456330871,2.498883108078335
2025-07-04,Google,2074134,79649,17488.64,53698.79,0.03989360732361903,0.3425335872260752,7.964620383617626,3.088581931636266
2025-07-04,TikTok,1364363,20440,9890.59,26587.54,0.015068951282834414,0.5124253732454415,7.5310529384695855,2.7576455283797383
2025-07-05,Facebook,1921192,26068,20427.93,53960.49,0.013699258033609094,0.7861109650706859,10.527933789312844,2.6470599662662537
2025-07-05,Google,2359451,97430,14788.59,42883.36,0.04192411291291085,0.27119132098593735,6.1387197241148925,2.9725797130819833
2025-07-05,TikTok,1562762,23686,11148.25,32691.0,0.015010363012559268,0.48768994020810624,7.233557751424149,2.9412222392586473
2025-07-06,Facebook,2368672,30615,23686.45,61835.55,0.013060560712241442,0.7770214714280586,9.991232542260091,2.6076738586152755
2025-07-06,Google,1810593,74081,11757.08,35238.229999999996,0.04069982297321553,0.24627125277922923,6.327583616648917,3.0024584633458637
2025-07-06,TikTok,1743805,25383,13325.52,36171.13,0.014599663757686005,0.5273823808183836,7.581715223337026,2.7417638542503733
2025-07-07,Facebook,2211358,29149,20295.329999999998,52892.97,0.013519353190974826,0.7006348169709244,9.246160323118856,2.6841995854579284
2025-07-07,Google,3227721,130245,19340.93,58713.69,0.041254137113848025,0.20850958064499533,6.200147048319317,2.9711914289424226
2025-07-07,TikTok,1405878,20475,13018.58,37073.29,0.014813986024793602,0.6261649405009596,9.20197422368504,2.9036561533843788
2025-07-08,Facebook,1823033,23795,17916.45,47185.84,0.013173877382407533,0.7355641317118764,9.582655538934928,2.621581274528477
2025-07-08,Google,2244837,86921,14617.710000000001,43017.63,0.040432299165707654,0.2417331044420385,5.80816563817408,2.9235632702353938
2025-07-08,TikTok,1682569,25345,15477.46,44921.51,0.014915861417334192,0.635661913609191,9.131911711662767,2.918514672280962
2025-07-09,Facebook,2300391,31138,23495.88,61887.28,0.013657579769406078,0.7584368759843689,10.239249391277848,2.575130130185186
2025-07-09,Google,2715398,114691,19028.53,57852.39,0.04149918650373684,0.2607152977290407,7.0010102340247995,2.9794879992918437
2025-07-09,TikTok,1563164,23457,12996.57,37352.54,0.015272250322960007,0.550122255489611,8.439939137838781,2.9335875637276416
2025-07-10,Facebook,2333249,31123,22159.26,60253.23,0.013030955898293173,0.764909625544225,9.71848055952341,2.6809791952871174
2025-07-10,Google,1956084,81186,12575.11,40044.33,0.04083937693863781,0.3233325498257761,6.650093085045088,3.174508961895893
2025-07-10,TikTok,1431939,20830,11448.98,32976.84,0.014501185060304844,0.5537910326523432,7.973453490098994,2.8479402929290827
2025-07-11,Facebook,1950544,27358,21882.49,56744.92,0.013801786329529076,0.8136070122554553,11.099758916422951,2.5311815686593713
2025-07-11,Google,2129435,86964,12820.15,40492.45,0.040548602131171126,0.26390783650859606,5.980966523294915,3.1393830726210226
2025-07-11,TikTok,1388343,20651,11460.52,31256.16,0.015124341567733523,0.5427404579377597,8.102421966087416,2.756534652028477
2025-07-12,Facebook,2009518,26083,19339.989999999998,50197.09,0.012993558371436297,0.7393322393035904,9.561061255761913,2.5798172591267226
2025-07-12,Google,1873949,79761,11643.8,33516.03,0.04234289520474081,0.3201108439375506,6.45764415617446,2.8545305529500924
2025-07-12,TikTok,1640271,24925,14384.43,36143.34,0.015379980901634482,0.5954091930106377,9.062456691538728,2.6051336834408994
2025-07-13,Facebook,2034295,27200,19532.52,50491.08,0.0133363782397796,0.76748281280522,9.997632291015906,2.5901195056342976
2025-07-13,Google,1874869,80222,12412.5,38499.84,0.04107082428182821,0.31710955594077805,6.676029434140839,3.012544334257985
2025-07-13,TikTok,1530705,22595,12727.27,35748.99,0.014719867554886409,0.547940697738365,7.98250084594825,2.796181321523472
2025-07-14,Facebook,1545635,20327,17015.66,45570.75,0.013225161139671118,0.8420786175818883,10.97607884530726,2.6284485714117447
2025-07-14,Google,2050862,92397,16004.14,48624.380000000005,0.04257074741868101,0.3129443266642265,7.6784827359713805,2.9687872668922366
2025-07-14,TikTok,1671695,26045,13786.76,40391.25,0.015204320627818489,0.5049765030799963,7.743248934077956,2.8105448875592214
2025-07-15,Facebook,1724724,24106,18405.94,47891.92,0.013656502493496203,0.7899606700911448,10.622522190102613,2.5540344465850726
2025-07-15,Google,1898287,82350,13287.130000000001,38033.76,0.04199073245161351,0.3452046700048531,6.96579182020268,2.843079052732684
2025-07-15,TikTok,1164489,17217,10333.560000000001,28116.6,0.014998373283237198,0.595613788424078,8.848239805027108,2.7566684059574342
2025-07-16,Facebook,1745777,23081,20115.21,53110.75,0.013311032265298419,0.8749324052010625,11.480914772581338,2.6583301932611016
2025-07-16,Google,1931654,83173,13415.82,42842.17,0.0416958233093368,0.30408790599024255,6.745604664079318,3.1088574558467315
2025-07-16,TikTok,1485926,22491,12283.32,35847.28,0.014963000620335027,0.534696316275441,7.98432330728441,2.919819024459799
2025-07-17,Facebook,1678803,23191,14131.09,37636.21,0.013613293976386146,0.6437507906737933,8.46960098536769,2.6616339050930926
2025-07-17,Google,2187586,91090,11586.85,36572.13,0.04014066742029811,0.21311968206343207,5.11736798647202,3.0624129055581766
2025-07-17,TikTok,1554938,22394,12016.52,35596.16,0.014559937522713512,0.5762619418409389,8.410049063445017,2.9717974477645956
2025-07-18,Facebook,1534570,21712,15989.55,43816.67,0.013804466418449467,0.7415739163806433,10.123033013738688,2.6820227110866646
2025-07-18,Google,1682464,67484,11306.27,32844.75,0.04112254332995926,0.25469929043366724,6.785798623528976,2.8842426662114664
2025-07-18,TikTok,1436007,21623,11981.77,33760.6,0.014997892971119461,0.571612719601909,8.394337631701394,2.872125364570908
2025-07-19,Facebook,1808064,24340,14972.630000000001,38593.86,0.01381135989469894,0.6193903771537905,8.57649676881133,2.6020286514094355
2025-07-19,Google,1462529,63137,10143.73,31839.61,0.041271289953014205,0.37231188817702715,7.080391630278159,3.105340183553664
2025-07-19,TikTok,1442343,20522,9296.41,25918.33,0.014476620667100457,0.46118905644825164,6.703849551123367,2.8520222579716448
2025-07-20,Facebook,1590908,21815,12240.75,32723.329999999998,0.01361412016152672,0.5800230818299305,7.629173560870894,2.674240565395337
2025-07-20,Google,1954807,83660,13674.39,44067.72,0.041494519226648804,0.4046175133301567,6.682208109126281,3.1368510110998993
2025-07-20,TikTok,1179992,16920,10689.41,31478.86,0.014478001693009574,0.6374339806955661,9.059572483168518,2.958619487546932
2025-07-21,Facebook,1749181,24563,18395.13,48575.81,0.013778758283344156,0.7634316922776815,10.481765020932468,2.582337235006926
2025-07-21,Google,1955419,84433,11727.03,34633.7,0.04110728250557673,0.277634873144006,5.748020201921008,3.0223997473505535
2025-07-21,TikTok,1513163,22708,13100.2,36183.91,0.015219278870705594,0.5812751407887884,8.654968462338758,2.7974906486924915
2025-07-22,Facebook,1870222,24855,16798.09,44164.64,0.013441556484812073,0.6671696449117404,8.844372650251263,2.6528672454270685
2025-07-22,Google,1628947,67408,12243.45,35870.01,0.041060856690409396,0.3228968417172523,7.448270141800974,2.972748129386693
2025-07-22,TikTok,1100616,16262,8777.25,25759.25,0.014844601926099783,0.547798425040579,8.034400856135758,3.0005634978798
2025-07-23,Facebook,1908589,25923,20631.82,51129.87,0.01376453953025498,0.7807453233151821,10.634488846924956,2.5385684303381995
2025-07-23,Google,1864082,76186,14130.61,45597.93,0.039635199789747076,0.3115170394691216,7.680834745724402,3.1486663702368216
2025-07-23,TikTok,1701017,26030,14197.849999999999,39337.83,0.015481412059226655,0.5257986472941135,8.07708445638617,2.7922249432194275
2025-07-24,Facebook,1508352,20410,14050.72,36426.229999999996,0.013503967463842585,0.6959616712040273,9.342405486039059,2.564407518281114
2025-07-24,Google,1744942,75651,10346.03,31629.6,0.041487602404759495,0.3095381145301685,5.987211026582932,3.0315575397432006
2025-07-24,TikTok,1226688,18741,9472.53,25924.73,0.015417714868596402,0.5124042328843467,7.878857505907833,2.7619244480340828
2025-07-25,Facebook,1661436,22804,17687.19,47385.08,0.013758121493612255,0.7830189751924073,10.698177208555352,2.685239319584949
2025-07-25,Google,1484740,59116,9043.93,26500.05,0.040663149017682615,0.3559542089815253,6.200760149724902,3.0559173995471047
2025-07-25,TikTok,1597281,24964,14641.779999999999,43744.5,0.015441504357529228,0.5646924891455397,8.77393068803385,2.889808951935258
2025-07-26,Facebook,1542052,20804,16849.49,43196.41,0.013427176842193005,0.783965373277933,10.354451492161072,2.5657372377596537
2025-07-26,Google,2162961,88703,13818.11,43613.04,0.040021861545066664,0.2640914444909675,6.302429236239259,3.0662694248831355
2025-07-26,TikTok,1555648,23187,11800.78,33912.36,0.014886290193890789,0.5193891883907495,7.657935189922914,2.8591643932829576
2025-07-27,Facebook,1566093,21829,15119.810000000001,38783.64,0.013764724289503713,0.7262275542300956,9.7756237829916,2.570667005650571
2025-07-27,Google,2204166,92606,14803.539999999999,44591.380000000005,0.04224609073347695,0.2482398959403092,6.32550730936175,3.0432343858596647
2025-07-27,TikTok,1566799,22858,14056.78,39454.67,0.01500363233602236,0.6327828267192299,9.318920193394643,2.8676956282535895
2025-07-28,Facebook,1516926,21005,14419.25,39901.76,0.013673937063916236,0.7015429798909236,9.522221549331352,2.7713112768401094
2025-07-28,Google,1926328,80970,10334.529999999999,33888.26,0.04062000054644494,0.19516361612181576,5.650635575318645,3.1861033119290854
2025-07-28,TikTok,1507242,23090,12876.519999999999,37973.020000000004,0.015138797916980353,0.5555218346206279,8.299170618825713,2.947091105208645
2025-07-29,Facebook,1657603,22358,17704.5,45813.869999999995,0.013411558515492403,0.8191406066342115,10.733493779899813,2.5692807725277667
2025-07-29,Google,2552896,100877,13776.22,41454.03,0.04003578204078411,0.24536924096530005,5.391828918610972,3.0425688430510505
2025-07-29,TikTok,1362162,20428,12767.76,36289.81,0.014936802811311819,0.6139322150954236,9.088953262914893,2.876860377987885
2025-07-30,Facebook,1903918,27813,20031.65,53555.43,0.013829647253613547,0.7914589959509326,10.704373818240446,2.5586103817490047
2025-07-30,Google,2787427,103503,16233.23,46623.700000000004,0.039140860072651155,0.32393585265618097,5.8272416003999234,3.048513545116811
2025-07-30,TikTok,1598117,24046,14315.619999999999,40563.28,0.015079895839962502,0.5836461286552643,8.587101085910648,2.766224375691416
2025-07-31,Facebook,1642780,22175,16018.810000000001,42095.08,0.013346247857238636,0.7420861531848161,9.823119314430993,2.632481909687846
2025-07-31,Google,1957089,83750,12695.06,39192.92,0.040883720086280044,0.3055353631685884,6.354778762969125,2.9947614428814084
2025-07-31,TikTok,1713351,25082,14668.65,41876.0,0.01476893422215055,0.598235279339929,8.818836050071713,2.8535899946673395
2025-08-01,Facebook,1920352,26285,17844.63,46127.950000000004,0.013683287403330571,0.6769915022401114,9.232630015790269,2.5804102142819674
2025-08-01,Google,2514215,106730,15003.439999999999,49191.119999999995,0.040668781189881396,0.2786384939927903,5.7706717054777315,3.17735951997346
2025-08-01,TikTok,1393400,20532,11350.15,31410.32,0.014734642891604371,0.5460009355086828,7.911412626909305,2.765199506820424
2025-08-02,Facebook,2083450,28332,19858.08,54411.88,0.013404213332292433,0.7209776865591199,9.499197638679522,2.6803490699387518
2025-08-02,Google,1848330,73331,13443.39,38593.28,0.041727465004824674,0.39652355232287195,7.049661373607758,3.0568044972303574
2025-08-02,TikTok,1564400,22905,14088.18,39504.57,0.01458567896730984,0.6263581619256897,8.945170348156674,2.8328664409507036
2025-08-03,Facebook,2087448,28556,19562.3,53383.49,0.01363358710889039,0.7019424922323727,9.365084496783748,2.758241036116114
2025-08-03,Google,2381422,99802,16892.510000000002,49576.8,0.04203953263878767,0.3223355675624023,7.285405779075218,2.9663381211957636
2025-08-03,TikTok,1700182,26315,12758.56,35232.4,0.01540555998289429,0.478948009680891,7.388705902221707,2.705057268171217
2025-08-04,Facebook,1999573,26329,21895.510000000002,57630.16,0.013299849981646374,0.8283845424738872,10.84392403888838,2.623742679361338
2025-08-04,Google,2004196,82957,12878.33,38206.73,0.041375006907766305,0.25936793321935775,6.227257588254722,2.9017939221811795
2025-08-04,TikTok,1461145,22042,12405.01,35311.58,0.015150009572451278,0.5328938700739485,8.082172785452562,2.8338822551102836
2025-08-05,Facebook,2120173,28275,19942.129999999997,51199.83,0.013652981339402548,0.7225152833038274,9.786987929671024,2.558087000791976
2025-08-05,Google,2175546,88132,12555.55,38635.35,0.03970921895039423,0.35683313234828556,6.0186191215598495,3.0852230395606584
2025-08-05,TikTok,1770454,26344,14788.460000000001,41997.840000000004,0.015098796306207465,0.5267373080304206,8.005685612120747,2.845189310252898
2025-08-06,Facebook,1585076,21282,16557.07,44660.35,0.01350105763204855,0.7885413601458231,10.5656798108456,2.6420373026902757
2025-08-06,Google,2356034,102010,15327.16,47043.159999999996,0.04148454125103643,0.34000276338995433,6.662793066771743,3.0326567596760636
2025-08-06,TikTok,1565804,23302,11159.48,30280.55,0.014857476878813164,0.5016246095007307,7.5114142199199465,2.710217477456722
2025-08-07,Facebook,1979371,26965,19098.25,49565.83,0.013575177022835023,0.7439835069570089,9.794704421818409,2.5983516990524342
2025-08-07,Google,2561678,108848,15094.17,45719.02,0.04200858614850303,0.2193233263913855,5.4553730482939375,2.9546593517149433
2025-08-07,TikTok,1539238,23715,11821.02,35591.159999999996,0.01510213452632064,0.5371871778235404,7.987830789999974,2.9791009461339275
2025-08-08,Facebook,1961928,26731,17118.41,44427.4,0.013540446962660508,0.663303051426708,8.955871253183298,2.5778629425683315
2025-08-08,Google,2848294,117837,19077.16,57651.71,0.04065959579935114,0.3378259743239046,6.570171866449597,2.9755294865668636
2025-08-08,TikTok,1389753,21920,10985.71,32464.43,0.01556415677447627,0.5127661124258178,7.834598266531016,2.8904673269144427
2025-08-09,Facebook,1958863,25435,18108.440000000002,45671.56,0.013190647572646605,0.7321453724078169,9.307553571397527,2.551317891325017
2025-08-09,Google,2644718,114677,14241.63,44477.4,0.041929596758855714,0.2530955253793606,5.866955764924857,3.0798601100750247
2025-08-09,TikTok,1881746,29118,16057.75,47404.740000000005,0.015238722580985176,0.5461344576137214,8.311404560169917,2.8723974339628517
2025-08-10,Facebook,2145238,29113,18290.04,49652.270000000004,0.01338593889341668,0.6837804978727722,8.957924940029946,2.7103334358232645
2025-08-10,Google,2646302,104264,16759.25,49299.99,0.039144640577002475,0.3386290181258803,6.465761082314183,2.945926447811888
2025-08-10,TikTok,1513379,22490,12221.6,35469.12,0.015049098097188518,0.5415373721831248,8.227173794304438,2.8367830329883725
2025-08-11,Facebook,1980138,26575,18918.21,50302.98,0.013151980390403814,0.755391779113648,9.738943829828758,2.6455268637401748
2025-08-11,Google,2243747,92924,14901.02,46655.56,0.04072022138161823,0.3450026971309924,6.6288924455828635,3.1205047231681604
2025-08-11,TikTok,1604394,23016,14531.24,38158.07,0.01495006016115224,0.5967580096370759,8.797710498246241,2.7863727256784285
2025-08-12,Facebook,1688562,23134,16763.48,41902.26,0.013491077185146463,0.743475122034785,9.883414093862367,2.437175403829771
2025-08-12,Google,2289787,95917,13295.619999999999,37862.78,0.04136115720781208,0.3024625343045516,5.864376238193996,2.9016873727483166
2025-08-12,TikTok,1370597,20757,11255.45,34468.89,0.015077158824215148,0.5733584475406821,8.50851883258839,3.029726281695955
2025-08-13,Facebook,1796520,24859,18600.75,46679.13,0.013429427294204507,0.7630686185104298,10.242253958194063,2.451728897824096
2025-08-13,Google,2132541,90143,14619.19,43946.729999999996,0.04013681012487469,0.3273727331584324,6.857447092001752,2.912410516957224
2025-08-13,TikTok,1595513,24112,9735.539999999999,27350.620000000003,0.015461448688448027,0.4097148162320884,6.122893601869768,2.849990406409446
2025-08-14,Facebook,1782552,23550,16135.29,40324.5,0.013471351703108866,0.6894725244534784,9.067129343960577,2.619872167455001
2025-08-14,Google,2022396,83124,10537.73,33388.12,0.04193547183427156,0.20229505382132174,5.561606094418295,3.079876100858067
2025-08-14,TikTok,1211457,18053,9602.3,26076.86,0.015044706460606478,0.5160327316764501,7.775524112411569,2.695311392985092
2025-08-15,Facebook,1698845,22892,16339.65,42318.66,0.01332706888690452,0.7359612669098835,9.60847188703952,2.621522233095301
2025-08-15,Google,1678996,66928,9082.28,25499.46,0.04064130117327586,0.29596060665920937,5.760449123298417,2.9409555206450086
2025-08-15,TikTok,1608255,23691,10273.220000000001,27227.449999999997,0.014726211023803084,0.45359309974410883,6.591902554177972,2.7222186833875783
2025-08-16,Facebook,1869251,24713,19140.54,50540.32,0.013258583218978864,0.7469421259696634,9.883967759454512,2.642254669908427
2025-08-16,Google,2405929,95850,16214.8,48044.82,0.04137064999941469,0.31287082824070034,6.864075885717897,3.077351842812678
2025-08-16,TikTok,1580144,24220,13103.79,39692.16,0.01505832756536526,0.5563516850464654,8.24490032086378,2.978437473091639
2025-08-17,Facebook,2001714,26523,21723.41,55962.9,0.013127815474439372,0.8848462923226503,11.272036441751398,2.609482118343019
2025-08-17,Google,2242408,96633,16946.43,56723.08,0.04177623131028795,0.27032113916705736,7.155970507471993,3.2142216204439498
2025-08-17,TikTok,1485591,22773,10569.45,30217.87,0.015168799007696443,0.4840718094904787,7.251894992825743,2.8369207171061226
2025-08-18,Facebook,1626882,22280,17311.55,41185.69,0.013828643268242638,0.7935020480114205,10.747579659625979,2.3897139330791664
2025-08-18,Google,1928365,76836,10404.14,33216.71,0.03990227637974573,0.1816810046120023,5.212506538070988,3.0532374623743737
2025-08-18,TikTok,1258750,18932,9087.12,27699.649999999998,0.014941965106634847,0.48073615857253565,7.177508426647694,3.022909662551781
2025-08-19,Facebook,1524275,20832,14727.51,38865.81,0.01341419436100304,0.7601517932918194,9.915668312214809,2.6519429820818488
2025-08-19,Google,1712526,68713,11122.48,38125.55,0.04076836285515994,0.2331299736773448,6.6998972336308595,3.3479792836908437
2025-08-19,TikTok,1444683,21790,11804.92,34046.82,0.015169784173035522,0.5376449261991988,7.937752096104776,2.8787830925692455
2025-08-20,Facebook,1729817,23241,16854.34,44156.0,0.013346681131286314,0.7349366545048606,9.716753834241974,2.6333133271039606
2025-08-20,Google,1531860,63011,10790.98,33861.61,0.040610751877440183,0.36499584308525684,6.8882729511431195,3.18575317537098
2025-08-20,TikTok,1498384,22731,12245.19,34807.01,0.015291313638417783,0.5582695077699367,8.41558360358422,2.8189837255868486
2025-08-21,Facebook,1640148,22031,14563.16,38568.53,0.01355218988614155,0.6596876594563412,8.880745198835443,2.6584699239515404
2025-08-21,Google,1656301,71731,10501.51,31373.47,0.04098328111764922,0.2924766815261409,6.42115268488898,2.8991821388807137
2025-08-21,TikTok,1459730,22037,12138.32,34699.65,0.015527851753925246,0.5625872915781567,8.772444253382217,2.9089126119894693
2025-08-22,Facebook,1399202,19916,13805.38,38691.659999999996,0.014026050646437383,0.7114523884337712,9.878583213693318,2.7473548739794063
2025-08-22,Google,1899886,78020,11188.08,35943.11,0.0406186035416438,0.20571211713388204,5.8385471756267036,3.1312675858013357
2025-08-22,TikTok,1561090,24264,11428.189999999999,32985.869999999995,0.015094945925442301,0.4776423471898769,7.142082088439733,2.8573520397112775
2025-08-23,Facebook,1708137,22369,18540.8,50884.46,0.013085120479705562,0.8198168552148049,10.75616798659919,2.6898063569088144
2025-08-23,Google,1931683,83544,14331.2,42449.700000000004,0.04253818156149177,0.40406390682693305,7.474106426300357,3.0408697760382912
2025-08-23,TikTok,1657118,24988,14153.4,40926.18,0.01534176071451153,0.5485133597103549,8.29163216296561,2.8771130043390385
2025-08-24,Facebook,1655306,21383,18193.56,46830.36,0.01324284345116584,0.8306876196462613,10.988908619139618,2.584086479108165
2025-08-24,Google,2391638,99421,16389.41,47170.06,0.041739151459900814,0.32356426414973505,6.797064892642003,2.8666281072877458
2025-08-24,TikTok,1412766,20822,11148.23,32270.559999999998,0.014727417587589905,0.5292136020411274,7.657110906449269,2.917410569503327
2025-08-25,Facebook,1400426,18631,14376.61,39075.6,0.01323468876808175,0.8010730998793523,10.567028357898321,2.6647222178333085
2025-08-25,Google,2175119,91624,13864.6,40957.94,0.041444966653966075,0.3593348436959182,6.3426654628153685,3.070420902334114
2025-08-25,TikTok,1324982,19831,11870.89,33878.58,0.014952478540284708,0.600171000488972,8.95697277682937,2.8268314816724938
2025-08-26,Facebook,1649785,22040,18172.27,48433.86,0.013139267808377897,0.8707944237908884,11.164277367057363,2.6370634577896626
2025-08-26,Google,2291469,97219,15748.96,45079.94,0.041966169204652674,0.366003670574755,6.829063525632906,2.888435829704838
2025-08-26,TikTok,1487367,21501,10105.19,28967.11,0.01484225288801159,0.4850575633461617,7.173885439494638,2.8305951677643275
2025-08-27,Facebook,1641459,22287,13374.79,35646.4,0.013323378427305771,0.617112848633867,8.188958368416056,2.659707463006583
2025-08-27,Google,1741260,73567,12715.19,38760.83,0.0416370622490186,0.3868628039697336,7.051987622919394,3.135337154142328
2025-08-27,TikTok,1530789,23221,12947.93,36592.18,0.015265772690559298,0.5458994786420559,8.267245405486173,2.808992769077986
2025-08-28,Facebook,1900843,24820,21393.02,55406.54,0.013051242471664545,0.8388038399138088,10.891814749187802,2.5170816274291097
2025-08-28,Google,2145375,91045,13915.619999999999,42859.75,0.04090661969852081,0.3821750074104046,6.785501251953815,3.0639147741894566
2025-08-28,TikTok,1543554,23634,12629.8,36262.96,0.015467681991817226,0.5199269545828057,7.858000602139606,2.916724892644556
2025-08-29,Facebook,1428391,19497,12985.78,35151.89,0.013506435267185285,0.6806049714299613,9.133764284129011,2.6519113456413463
2025-08-29,Google,1986055,82561,11075.369999999999,35525.4,0.040919141341482335,0.20609125838766676,5.888152251160937,3.1821956711762454
2025-08-29,TikTok,1541778,23503,11761.61,32025.78,0.015255022671786545,0.4764411160178187,7.2646404717406154,2.70799614435882
2025-08-30,Facebook,2053830,29314,18689.95,48980.409999999996,0.013815764498394376,0.6953922119054298,9.3441718840232,2.589229596242161
2025-08-30,Google,2040779,83832,14053.24,43779.04,0.04117636323316872,0.27499746742564013,6.910675712797648,3.0367365264069988
2025-08-30,TikTok,1361530,20318,11392.630000000001,32537.76,0.015023946179651648,0.6083732406399315,8.948519172408616,2.8689771951634992
2025-08-31,Facebook,1839414,24488,18833.39,49680.91,0.013139887052483335,0.8364616422633905,10.743714772371444,2.667538282885317
2025-08-31,Google,1959012,81327,12817.47,40099.86,0.03999191643021595,0.2325029967580326,6.301407894188349,3.0278308995014758
2025-08-31,TikTok,1912886,28930,13683.22,38267.04,0.015175588755068525,0.5029620476922723,7.459190012340315,2.8322316175554687
2025-09-01,Facebook,2032689,26458,20136.96,51975.520000000004,0.013060093764450182,0.772891476375669,9.830187106824791,2.55854909865377
2025-09-01,Google,2231394,97146,11399.76,34218.55,0.041701599331998164,0.21227189727699805,5.203051746663377,2.9216693954900816
2025-09-01,TikTok,1706434,24802,13343.68,36648.35,0.014800211615923884,0.5440064879663483,8.031956694773465,2.837839065804025
2025-09-02,Facebook,1885153,25692,19430.95,49909.48,0.013618559472449896,0.7562617223857891,10.265351866568993,2.578430490856077
2025-09-02,Google,2690124,105825,19728.61,59329.81,0.04095050376289347,0.33377942258723936,7.602761593103106,3.064233031809409
2025-09-02,TikTok,1336778,19984,10516.25,28502.48,0.015154956268436898,0.5381739647686132,7.990840373777871,2.7821858145418976
2025-09-03,Facebook,2037966,27572,19985.86,50168.58,0.013620522862448437,0.7291837195542371,9.712370916237765,2.547538375317131
2025-09-03,Google,2563623,110418,18377.21,54801.73,0.04101675448334827,0.3416045419381365,7.157261242615187,2.977672423149498
2025-09-03,TikTok,1570007,22897,13544.74,39124.85,0.01478167497338998,0.5971507431121357,8.81898213011792,2.9295065608764412
2025-09-04,Facebook,1966255,25836,20912.39,54413.78,0.01342546603561628,0.790132771827565,10.466825088952858,2.619574773756867
2025-09-04,Google,2046818,83687,15055.07,45240.95,0.04010001117202437,0.36581074766550337,7.671259411144911,3.012777186572232
2025-09-04,TikTok,1471527,21658,10984.98,31313.98,0.01480940522003076,0.552348777906482,8.039022501346276,2.867299038954189
2025-09-05,Facebook,1652546,22729,14647.44,36924.1,0.013479758946873357,0.6961130643033174,9.088109938393774,2.516986421176156
2025-09-05,Google,1979673,79390,14065.79,41191.43,0.040062328137279765,0.23016947911137425,7.065460164825356,2.8746491908077076
2025-09-05,TikTok,1628153,25244,14222.76,40184.32,0.01544288960278476,0.5698539954034063,8.745098723537014,2.7952941203322066
2025-09-06,Facebook,2365251,32843,23879.52,60179.58,0.013459284602178313,0.7429182508533483,9.755966442992815,2.4691149170979307
2025-09-06,Google,2059487,82724,12625.88,39103.71,0.0410856012574221,0.23259599299355363,6.207732789015891,3.0844993652491013
2025-09-06,TikTok,1819561,27985,15347.7,42614.26,0.01539279660143834,0.5375982704908318,8.21515724312371,2.7548383947234916
2025-09-07,Facebook,2155236,27693,22850.93,60349.55,0.013030480798777852,0.8566099146096704,10.93077670147031,2.592766105986608
2025-09-07,Google,2193312,85786,14741.05,46209.81,0.04017930176690719,0.320265240208791,6.712266970246861,3.165898179642251
2025-09-07,TikTok,1955541,28943,16688.67,47712.47,0.014965349203817748,0.5707627412513807,8.382993516503992,2.9007335618414585
2025-09-08,Facebook,1755006,24757,16444.420000000002,42710.630000000005,0.013815417528947363,0.6899746058956758,9.479328202383307,2.5277377771055507
2025-09-08,Google,2136741,86427,17078.07,56713.75,0.03989824683204032,0.30364374719682696,7.819045602430563,3.229241401292403
2025-09-08,TikTok,1712415,25404,15956.02,43680.4,0.014680799163549044,0.6483509175818125,9.382990840834777,2.7417972481766237
2025-09-09,Facebook,2109003,29059,21668.12,56526.83,0.013790477372805431,0.76927415631386,10.385297179347242,2.6020688004440053
2025-09-09,Google,2644125,110779,14439.6,44599.96,0.04139383984773377,0.20940908226693716,6.035131284690559,3.0094568913632678
2025-09-09,TikTok,1773415,26879,16163.210000000001,48574.869999999995,0.015036510672823373,0.6309853422644831,9.230677637131906,3.011919328271582
2025-09-10,Facebook,1857975,24908,18648.9,47583.92,0.013376775809118844,0.7660529496880694,10.005917123860177,2.5815044741563575
2025-09-10,Google,2059288,86317,11300.8,34186.57,0.040334693739256286,0.3273992799938402,5.492757038513408,3.0461589284870767
2025-09-10,TikTok,1554124,24055,11349.46,32703.8,0.015277436165832816,0.46844711157265245,7.008146542071612,2.8657421722910725
2025-09-11,Facebook,1929203,25768,17829.38,48311.76,0.013568343180946435,0.6979660985883629,9.486668349147651,2.706134085468848
2025-09-11,Google,1920235,83578,13380.92,41316.6,0.041452333700704946,0.26075550098829287,7.026794597424273,3.0102496433505594
2025-09-11,TikTok,1484479,21865,12797.57,36828.37,0.014856080155020396,0.5842312239495226,8.666387194603297,2.850984606654266
2025-09-12,Facebook,1954647,26114,19246.12,49420.38,0.013173643472812057,0.7111779971951224,9.241693237061842,2.5503114007327206
2025-09-12,Google,2286187,94815,15182.4,49050.15,0.040074846685564644,0.22629269138727492,6.334674339730741,3.119185234048314
2025-09-12,TikTok,1528333,22089,11147.38,30794.13,0.014925297059531578,0.4825422808116683,7.117680889802808,2.839901030103083
